,Unnamed: 0,Unnamed: 0.1,Unnamed: 0.1.1,username,following,followers,retweetcount,text,date,show,sentiments,profile_score
0,0,0,0,CryptoKamado_,274,269,37,jim cramer said he was expecting a 40% pump from ethereum and you still decided to remain bullish,2018-01-06 07:24:56+00:00,0,0.0,2.69
1,1,1,1,Ororo_Pride,4716,4370,18,interesting also the story of vocdoni told in his personal website a project launched by hackers and activists inspired by the referendum (find a way to establish a way of voting out of the control of the government) based on ethereum tech 28/,2012-04-26 13:32:57+00:00,0,0.25,43.7
2,2,2,2,judekickit,45,40,284,fun fact these nike nft sneakers sold for 45 ($125 00 usd),2014-07-17 05:32:07+00:00,0,0.3,0.4
3,3,3,3,qwerdyyy06,1305,132,2577,pets crossing a sandbox metaverse game featuring paradise island where your pets live a blissful life win 5 wl spot follow retweet like reply,2022-02-24 04:04:49+00:00,1,0.1787878787878788,1.32
4,4,4,4,Urmylife021414,18,1,11400,explore phemex universe globe_showing_Europe-Africa and visit planet bitcoin ethereum sand and doge star-struck to collect your very own citizen phemex card flower_playing_cards grab your card and earn bonuses now downwards_button,2020-07-30 01:23:10+00:00,0,0.78,0.01
5,5,5,5,HexPLSFortheWin,1228,864,10,police_car_light police_car_light 15 minutes left to mint $maxi police_car_light police_car_light $hex,2022-01-20 13:51:11+00:00,1,0.0,8.64
6,6,6,6,juniorDc94,613,125,1324,orange_heart orange_heart prizes trophy 50$ ~ $eth trophy 5x wl to win keycap_1 follow ‚Å¶ ‚Å© & _ keycap_2 rt + like keycap_3 tag a friend 6 winners 24h,2022-04-25 19:14:59+00:00,1,0.8,1.25
7,7,7,7,M314222,1542,36,2577,pets crossing a sandbox metaverse game featuring paradise island where your pets live a blissful life win 5 wl spot follow retweet like reply,2022-03-27 20:09:09+00:00,1,0.1787878787878788,0.36
8,8,8,8,TradingroomO,136,67,37,jim cramer said he was expecting a 40% pump from ethereum and you still decided to remain bullish,2021-02-06 17:13:19+00:00,0,0.0,0.67
9,9,9,9,Taeyongjasmine,2137,60,2577,pets crossing a sandbox metaverse game featuring paradise island where your pets live a blissful life win 5 wl spot follow retweet like reply,2022-04-17 13:49:35+00:00,1,0.1787878787878788,0.6
10,10,10,10,ShillaWhale,449,342,0,everything is down sell before the end of crypto follow,2021-11-22 08:58:45+00:00,0,-0.1555555555555556,3.42
11,11,11,11,Ink_217,625,128,182,we know whats up the harvest is going to be legendary fox,2021-05-12 14:07:43+00:00,0,1.0,1.28
12,12,12,12,bwikwearchive,4567,233,0,_06 done,2020-11-12 12:57:12+00:00,0,0.0,2.33
13,13,13,13,mehdi1400doroud,36,58,1,_j classic classic heart_exclamation sparkling_heart heart_with_ribbon blue_heart love_letter green_heart two_hearts purple_heart heart_decoration heart_decoration white_heart kiss_mark heart_with_arrow red_heart beating_heart blue_heart blue_heart sparkling_heart sparkling_heart heart_exclamation flexed_biceps flexed_biceps heart_with_ribbon brown_heart brown_heart love_letter green_heart heart_with_arrow purple_heart purple_heart white_heart kiss_mark red_heart red_heart beating_heart growing_heart sparkling_heart heart_exclamation broken_heart broken_heart revolving_hearts revolving_hearts growing_heart orange_heart orange_heart beating_heart beating_heart blue_heart sparkling_heart sparkling_heart heart_with_ribbon beating_heart red_heart two_hearts heart_with_arrow kiss_mark kiss_mark red_heart flexed_biceps flexed_biceps,2021-10-09 23:31:28+00:00,0,0.16666666666666666,0.58
14,14,14,14,xuzhiho66705484,3015,1306,2,every perseverance is the accumulation of success as long as you believe in yourself you will always encounter surprises every life has its own trajectory remember to affirm yourself and do not give up easily,2022-03-03 23:32:35+00:00,1,0.3208333333333333,13.06
15,15,15,15,Ethereum8News,5,1156,0,the $eth price is at $2 727 11 right now green_circle compared to the last tweet the price has increased by $3 33 (0 12%) red_circle in the last 24 hours the price has dropped by $89 81 (3 19%),2021-11-29 21:04:22+00:00,0,0.09523809523809523,11.56
16,16,16,16,soleilwins,911,104,2577,pets crossing a sandbox metaverse game featuring paradise island where your pets live a blissful life win 5 wl spot follow retweet like reply,2022-01-10 06:46:37+00:00,1,0.1787878787878788,1.04
17,17,17,17,BlartNft,5,6,2,a serious leopard now available in,2022-03-16 02:41:44+00:00,1,0.033333333333333354,0.06
18,18,18,18,winscityyx,2967,35,877,owl nft giveaway owl giving away 2x nfts for to enter follow & like & rt tag 3 friends winners picked in 24 hours,2022-02-06 19:56:58+00:00,1,0.0,0.35
19,19,19,19,maxcao2204,1520,569,0,check out this item on opensea via,2021-03-15 09:28:14+00:00,0,0.0,5.69
20,20,20,20,Nichole55536590,2170,766,0,@_nftcollectors _nft rat stuck in jar 0 004 ethereum,2022-03-13 17:00:02+00:00,1,0.0,7.66
21,21,21,21,Nunikvico_02,4999,785,2577,pets crossing a sandbox metaverse game featuring paradise island where your pets live a blissful life win 5 wl spot follow retweet like reply,2021-04-02 14:10:50+00:00,0,0.1787878787878788,7.85
22,22,22,22,thetruegaylords,218,64,93,freeroll tourney with huge prizes money_with_wings and a twitter spaces starting at 6 30pm est we will be sharing our vision for creating world's first smart contract implemented no limit hold ‚Äòem on ethereum blockchain poker for nft holders at 7pm est fire join us,2016-02-07 12:49:08+00:00,0,0.2160714285714286,0.64
23,23,23,23,QuantumFeg,680,429,0,feg revolutionary technology changing crypto chapter laptop alien laptop $feg,2021-12-01 11:55:09+00:00,0,-0.25,4.29
24,24,24,24,goldenstate11,4984,1153,35,it is time for another giveaway fire rocket thumbs_up grinning_face dreams_nft 1 1 'ancient temple' could be yours like retweet eth add tag frens,2011-06-21 09:55:40+00:00,0,0.0,11.53
25,25,25,25,Ethereum_Hourly,0,202,0,current price $2 742 27 chart_decreasing,2021-01-12 15:29:15+00:00,0,0.0,2.02
26,26,26,26,xuehuainan888,150,6,55,check this out fire like retweet & leave a comment about our nfts monkey rocket,2022-02-06 05:40:04+00:00,1,-0.05,0.06
27,27,27,27,RixxTech,51,395,0,4 hour top movers report,2018-05-19 15:03:18+00:00,0,0.5,3.95
28,28,28,28,ibrryjzmn,594,24,877,owl nft giveaway owl giving away 2x nfts for to enter follow & like & rt tag 3 friends winners picked in 24 hours,2022-04-16 06:26:57+00:00,1,0.0,0.24
29,29,29,29,Mk13Of,2484,462,0,ethereum transaction hash (txhash) details via,2021-03-22 01:57:22+00:00,0,0.0,4.62
30,30,30,30,cryptomanwow,1301,777,0,i will do impressive shoutout to organic audiences to boost youtube channel,2018-10-01 07:15:36+00:00,0,1.0,7.77
31,31,31,31,luckyjunhui10,4967,193,2577,pets crossing a sandbox metaverse game featuring paradise island where your pets live a blissful life win 5 wl spot follow retweet like reply,2021-06-10 08:04:19+00:00,0,0.1787878787878788,1.93
32,32,32,32,WynonaRyleigh,4992,618,11400,explore phemex universe globe_showing_Europe-Africa and visit planet bitcoin ethereum sand and doge star-struck to collect your very own citizen phemex card flower_playing_cards grab your card and earn bonuses now downwards_button,2022-02-07 19:46:33+00:00,1,0.78,6.18
33,33,33,33,RogerJUlrichJr,5001,2321,1,i'm going to assume this dump is attributed to investors de risking digital assets in light of coming interest rate hikes inflation and gdp dips,2021-02-03 04:08:19+00:00,0,0.2,23.21
34,34,34,34,Dark_Helix85,193,35,4,$hodo ten mins left to win 20% of marketing wallet if you max buy this will be huge huge dev behind this project be surprised when you see who,2012-12-14 09:18:15+00:00,0,0.18571428571428572,0.35
35,35,35,35,ETHGasPriceBot,0,1202,0,slow 20 1 | normal 25 | fast 65 6 | instant 84 2 backhand_index_pointing_left current ethereum gas prices in gwei dm me a price and i will dm you as soon as gas drops below that price thumbs_up,2021-01-04 09:25:56+00:00,0,0.009999999999999992,12.02
36,36,36,36,maro09855621,2449,42,1415,wrapped_gift giveaway wrapped_gift trophy 30$ in $sol / $eth trophy 1x must follow & _ like & rt tag 3 friends ending in 24h,2022-03-06 17:15:35+00:00,1,0.0,0.42
37,37,37,37,Claire15139712,202,50,16,fun fact these nike sneakers sold for 45 ($125 00 usd),2021-02-23 10:43:13+00:00,0,0.3,0.5
38,38,38,38,CryptoAlexUSA,1858,2436,2,if it does i would lose a lot of but gain a bunch of and 5 years later game over s win,2009-12-16 20:01:10+00:00,0,0.13333333333333333,24.36
39,39,39,39,RoelMartin89,727,140,76,man_superhero _guardians chainguardians is a free to play turn based superhero strategy game powered by the ethereum blockchain fireworks all in game assets like armors weapons and characters are and tradable in the marketplace downwards_button info,2016-11-08 16:03:56+00:00,0,-0.13333333333333333,1.4
40,40,40,40,Juniorguanatos,188,59,284,fun fact these nike nft sneakers sold for 45 ($125 00 usd),2021-02-28 21:47:59+00:00,0,0.3,0.59
41,41,41,41,FeedGoat2000,5,12,0,feedgoat200 found in a user vault at this location join me playing it is awesome,2022-04-04 22:29:46+00:00,1,1.0,0.12
42,42,42,42,qwerdyyy06,1305,132,2047,pets crossing a sandbox metaverse game featuring paradise island where your pets live a blissful life 5 wl spots are up for grab follow retweet like reply,2022-02-24 04:04:49+00:00,1,-0.13181818181818186,1.32
43,43,43,43,EigenPhi_Alert,50,1142,0,robot made $1 079 541533 through a spatial using ( $uni $weth ),2021-03-25 07:10:50+00:00,0,0.0,11.42
44,44,44,44,Aivangrooso,3813,437,0,_financial _nft thanks for the opportunity folded_hands_light_skin_tone fire four_leaf_clover check_mark_button check_mark_button _2 check_mark_button all completed red_heart party_popper money-mouth_face confetti_ball left_arrow_curving_right great event hoping to win sports_medal $eth,2014-04-26 16:47:28+00:00,0,0.45,4.37
45,45,45,45,metacaffeine,1573,959,0,is down anyone without exposure to on is coping hard meanwhile on we like the arrt,2021-04-22 04:50:26+00:00,0,-0.22361111111111115,9.59
46,46,46,46,luckyyjoannaaa_,4896,151,2047,pets crossing a sandbox metaverse game featuring paradise island where your pets live a blissful life 5 wl spots are up for grab follow retweet like reply,2021-03-15 08:59:16+00:00,0,-0.13181818181818186,1.51
47,47,47,47,MSaffi95,896,596,6,explore the account and do some shopping of natural and historical images and the creative designs and paintings,2022-02-12 11:08:02+00:00,1,0.2,5.96
48,48,48,48,thvkim98,1047,138,2577,pets crossing a sandbox metaverse game featuring paradise island where your pets live a blissful life win 5 wl spot follow retweet like reply,2022-04-18 01:09:31+00:00,1,0.1787878787878788,1.38
49,49,49,49,LuckyLeap1,151,52,4,dooggie moon crew ready for takeoff,2022-03-14 05:45:04+00:00,1,0.2,0.52
50,50,50,50,cryptobatman331,193,474,0,$ftm she do not you have a heart why you did not cry on my father funeral le me watching all alts blood bath without tears broken_heart broken_heart ftm will be super bullish if btc able to reach 50k,2022-01-02 23:40:39+00:00,1,0.4166666666666666,4.74
51,51,51,51,kachimanart_,4902,6143,6,"explore the world from home beaming_face_with_smiling_eyes fire take a look to my collection with the most beautiful places in the world eyes ""machu picchu"" 0 007 $eth (on chain)",2022-02-20 17:48:50+00:00,1,0.675,61.43
52,52,52,52,metaglyps,1542,371,26,a lot of scared money asking me about if i've sold or changed my targets for $matic no i have not here is my condensed thesis on why i think $matic polygon will dominate layer 2 and scale ethereum not financial advice,2010-07-04 06:54:48+00:00,0,0.0,3.71
53,53,53,53,ExplainThisBot,1,14569,0,"this means that the person is looking at some sort of data or information that is available on the ""onchain"" (likely meaning the ethereum blockchain) and that this",2022-04-12 09:32:48+00:00,1,0.2,145.69
54,54,54,54,allya_bigwin,4922,227,2577,pets crossing a sandbox metaverse game featuring paradise island where your pets live a blissful life win 5 wl spot follow retweet like reply,2021-06-15 22:07:06+00:00,0,0.1787878787878788,2.27
55,55,55,55,juniorDc94,613,125,1415,wrapped_gift giveaway wrapped_gift trophy 30$ in $sol / $eth trophy 1x must follow & _ like & rt tag 3 friends ending in 24h,2022-04-25 19:14:59+00:00,1,0.0,1.25
56,56,56,56,megacrypto77,143,484,19,it is may 1st in australia and looking like its ready to give birth,2021-10-26 20:37:26+00:00,0,0.2,4.84
57,57,57,57,Jcripps08,804,323,19,ethereum users really starting to feel at home over here on solana,2011-05-05 20:23:00+00:00,0,0.0,3.23
58,58,58,58,maxcao2204,1520,569,0,check out this item on opensea via,2021-03-15 09:28:14+00:00,0,0.0,5.69
59,59,59,59,bigwinc1tyx_,2009,39,2577,pets crossing a sandbox metaverse game featuring paradise island where your pets live a blissful life win 5 wl spot follow retweet like reply,2021-06-11 00:58:57+00:00,0,0.1787878787878788,0.39
60,60,60,60,dhanrave1,728,319,76,man_superhero _guardians chainguardians is a free to play turn based superhero strategy game powered by the ethereum blockchain fireworks all in game assets like armors weapons and characters are and tradable in the marketplace downwards_button info,2022-02-28 23:33:00+00:00,1,-0.13333333333333333,3.19
61,61,61,61,FARREL1408,95,69,37,jim cramer said he was expecting a 40% pump from ethereum and you still decided to remain bullish,2012-10-10 13:48:41+00:00,0,0.0,0.69
62,62,62,62,xatoshi_st,169,1753,37,jim cramer said he was expecting a 40% pump from ethereum and you still decided to remain bullish,2019-09-27 16:56:31+00:00,0,0.0,17.53
63,63,63,63,HootyFi,4,350,5,$hooty (ü™π owl ) yes the apr is accurate and 100% paid in $eth bat speaker_high_volume no emissions no inflation no deposit fees no withdrawal fees and no lockups maybe $ohm and $time should take some notes eyes,2022-04-21 01:54:29+00:00,1,0.4000000000000001,3.5
64,64,64,64,cryptokrider,4977,4187,170,did you know that you can swap tokens directly within metamask fox it is simple and it is enabled on red_heart purple_heart large_orange_diamond red_triangle_pointed_up open_book follow our guide to get started,2018-12-18 11:21:43+00:00,0,0.05,41.87
65,65,65,65,SimpleC9000,58,7,0,simplec found in a blue vault at this location join me playing it is awesome,2014-11-08 04:12:37+00:00,0,0.5,0.07
66,66,66,66,AbdelwahabSaidi,8,3,0,create twitter tasks and pay with with 'd f d,2021-02-15 16:16:05+00:00,0,0.0,0.03
67,67,67,67,knnacr1,4489,259,1415,wrapped_gift giveaway wrapped_gift trophy 30$ in $sol / $eth trophy 1x must follow & _ like & rt tag 3 friends ending in 24h,2021-08-30 17:03:36+00:00,0,0.0,2.59
68,68,68,68,noolinfo,87,521,3,crypto and blockchain are genuine technological advancements and will definitely disrupt the current financial structure by disintermediating many of the holy cows of the system,2022-03-27 21:57:16+00:00,1,0.18,5.21
69,69,69,69,ridwanferguso,2797,584,1,$fergh,2018-11-23 18:53:23+00:00,0,0.0,5.84
70,70,70,70,Hasham_amjad2,141,27,0,this sort of price action from really is not interesting to many of investors,2022-02-05 17:29:32+00:00,1,0.11666666666666665,0.27
71,71,71,71,SlurpinSloths,1,196,2,sloth sloth join the community now sloth sloth,2022-01-06 01:19:05+00:00,1,0.0,1.96
72,72,72,72,Kardenal95,108,147,1,check out this item on opensea via,2022-04-04 04:23:17+00:00,1,0.0,1.47
73,73,73,73,eunjncityx,4770,104,133,delighted to announce our partnership with raise finance a decentralized platform built on layer 2 providing a gas free aggregator & cross chain bridge with low transaction costs handshake we will assist _fi in building exposure to accelerate their growth,2021-12-09 12:49:44+00:00,0,0.275,1.04
74,74,74,74,SlurpinSloths,1,196,2,sloth sloth join the community now sloth sloth,2022-01-06 01:19:05+00:00,1,0.0,1.96
75,75,75,75,MetapixelsNFT,28,6,1,today we will be showing which drawing of our collection belongs and they have different statistics that are rare,2022-03-29 04:18:35+00:00,1,0.15,0.06
76,76,76,76,DelCrxpto,314,77995,10,got my raffle nft,2021-05-01 16:49:02+00:00,0,0.0,779.95
77,77,77,77,lodomain,35,23,1,look what i found 3462 collectible via,2022-04-13 23:21:58+00:00,1,-0.5,0.23
78,78,78,78,QuantumFeg,680,429,284,it is nice to see a name in front of the contract $feg ¬∑ _of_bsc,2021-12-01 11:55:09+00:00,0,0.6,4.29
79,79,79,79,ridwanferguso,2797,584,1,$fergh,2018-11-23 18:53:23+00:00,0,0.0,5.84
80,80,80,80,navyboy76,139,72,13,just did you miss out on bitcoin & ethereum mining pi network is a great opportunity for you mine pi coin with your smart phone mobile_phone_with_arrow by clicking on the app every 24hrs join link backhand_index_pointing_down invite code linda01,2015-04-02 18:28:25+00:00,0,0.5071428571428571,0.72
81,81,81,81,sweetcatNFT,1815,830,17,new nft smiling_cat_with_heart-eyes two_hearts crown,2022-03-21 18:02:35+00:00,1,0.13636363636363635,8.3
82,82,82,82,SwagableArt,134,115,2,check out my nft listing on opensea via,2021-12-02 18:42:03+00:00,0,0.0,1.15
83,83,83,83,Capitalistchad,30,111,4,$hodo ten mins left to win 20% of marketing wallet if you max buy this will be huge huge dev behind this project be surprised when you see who,2022-04-08 17:56:40+00:00,1,0.18571428571428572,1.11
84,84,84,84,GoochCoin,730,704,1,police_car_light everything is on sale police_car_light,2021-12-10 02:53:27+00:00,0,0.0,7.04
85,85,85,85,CrypSight,0,161,0,"surely everyone can now see how bitcoin is ""controlled"" by the stock market and how bitcoin ""controls"" exclamation_question_mark vulcan_salute face_with_rolling_eyes $btc face_vomiting $eth $vet $one $xec $xrp $ada $xlm $shib",2015-08-27 23:51:26+00:00,0,0.5,1.61
86,86,86,86,ridwanferguso,2797,584,1,$fergh,2018-11-23 18:53:23+00:00,0,0.0,5.84
87,87,87,87,rmahdx,287,264,1,i'm going to assume this dump is attributed to investors de risking digital assets in light of coming interest rate hikes inflation and gdp dips,2015-04-20 17:45:38+00:00,0,0.2,2.64
88,88,88,88,eppersimuoveNFT,196,29,1,drum giveway drum to participate you must sports_medal follow@ sports_medal rt this post sports_medal tag 3 friends sports_medal join us,2022-03-31 15:59:57+00:00,1,0.0,0.29
89,89,89,89,MimirToken,2133,22222,1,how to bridge $mimir tokens to or easy flexed_biceps here is our latest step by step article on how to backhand_index_pointing_down backhand_index_pointing_down,2009-03-07 11:54:51+00:00,0,0.4666666666666667,222.22
90,90,90,90,ETHGasPriceBot,0,1202,0,slow 20 | normal 21 | fast 58 | instant 82 5 backhand_index_pointing_left current ethereum gas prices in gwei dm me a price and i will dm you as soon as gas drops below that price thumbs_up,2021-01-04 09:25:56+00:00,0,0.009999999999999992,12.02
91,91,91,91,NFT_Hulk,754,512,2,daily drop from _ on is this a dream link in bio,2021-04-12 13:00:00+00:00,0,0.0,5.12
92,92,92,92,thecolor6lack,53,78,0,zombie gay arabia part of my collection titled ‚Äúgay arabia‚Äù rainbow,2021-09-06 11:07:33+00:00,0,0.4166666666666667,0.78
93,93,93,93,DrBagz888,676,210,182,we know whats up the harvest is going to be legendary fox,2021-11-12 06:12:16+00:00,0,1.0,2.1
94,94,94,94,SontongLandong,1116,46,2047,pets crossing a sandbox metaverse game featuring paradise island where your pets live a blissful life 5 wl spots are up for grab follow retweet like reply,2022-04-19 06:58:56+00:00,1,-0.13181818181818186,0.46
95,95,95,95,riskavera_,3928,1417,1319,the big day has come star-struck rocket mechanical_arm this sunday we are launching our own amazing nft platform smiling_face_with_heart-eyes partying_face to the moon smiling_face_with_sunglasses rocket rocket,2021-03-30 03:07:27+00:00,0,0.4000000000000001,14.17
96,96,96,96,TickerTop,49,812,1,1 bitcoin price is $37716 88 ( 1 59% 1h) 2 ethereum price is $2734 94 ( 1 99% 1h) 3 tether price is $1 00 ( 0 00% 1h) 4 bnb price is $378 42 ( 2 21% 1h) 5 usd coin price is $1 00 ( 0 01% 1h) 12 dogecoin price is $0 13 ( 2 36% 1h),2018-02-06 13:13:35+00:00,0,0.0,8.12
97,97,97,97,segnora23,4946,46,2047,pets crossing a sandbox metaverse game featuring paradise island where your pets live a blissful life 5 wl spots are up for grab follow retweet like reply,2019-04-26 07:24:55+00:00,0,-0.13181818181818186,0.46
98,98,98,98,SKRAZUKI,4,682,4,bullseye follow me bell bullseye like bullseye retweet bullseye add wallet to pinned tweet,2021-06-07 18:36:25+00:00,0,0.0,6.82
99,99,99,99,danrwanda_,484,846,221,finder's experts predict will end 2022 at $27 per token 75% think is just 'another ' $btc $eth,2021-05-23 07:46:27+00:00,0,0.0,8.46
100,100,100,100,Eduardo73039935,220,2,1454,looking through the videos the photo files my happiest moments are often when i appear at the beach i am the daughter of the sea rolling_on_the_floor_laughing,2022-04-28 11:07:46+00:00,1,0.0,0.02
101,101,101,101,ridwanferguso,2797,584,1,$fergh,2018-11-23 18:53:23+00:00,0,0.0,5.84
102,102,102,102,Serenayyyyss,1088,44,2577,pets crossing a sandbox metaverse game featuring paradise island where your pets live a blissful life win 5 wl spot follow retweet like reply,2022-04-30 08:40:28+00:00,1,0.1787878787878788,0.44
103,103,103,103,RandomNFT15,1595,163,37,dizzy dizzy 5x guaranteed mint role bastards middle_finger rules small_orange_diamond follow small_orange_diamond rt red_heart small_orange_diamond tag a 2 friend discord alarm_clock 24h,2022-04-17 12:37:18+00:00,1,0.0,1.63
104,104,104,104,Latinart56,183,35,55,check this out fire like retweet & leave a comment about our nfts monkey rocket,2011-03-05 06:57:38+00:00,0,-0.05,0.35
105,105,105,105,alatl_burce,4537,363,1090,wrapped_gift eth wrapped_gift prize trophy 1x $100 in $eth trophy 3x wl check_mark_button to enter 1‚É£follow me & _timeline 2‚É£rt & heart_suit this 3‚É£tag 3 friends four_leaf_clover 4 lucky winners high_voltage 48h,2015-09-26 12:02:09+00:00,0,0.3333333333333333,3.63
106,106,106,106,vasthack_,175,125,0,coinbase account hacked dm for help Ôøº,2018-08-11 23:50:06+00:00,0,0.0,1.25
107,107,107,107,SilverBallerWiz,1062,950,5,yes i quote all my tweets rolling_on_the_floor_laughing rolling_on_the_floor_laughing fire fire here you go grab a _inc,2022-02-07 16:39:28+00:00,1,0.0,9.5
108,108,108,108,bayodewilliams1,1566,3261,6,there are many different types of non fungible tokens and they can be created on well known blockchains like ethereum and solana nfts are digital asset that represent real world objects (paintings graphics videos gifs songs poems tweets posts even video games‚Ä¶,2017-05-10 15:55:19+00:00,0,0.175,32.61
109,109,109,109,SimpleC9000,58,7,0,simplec found in a blue vault at this location join me playing it is awesome,2014-11-08 04:12:37+00:00,0,0.5,0.07
110,110,110,110,PutinsBitchBoy,718,103,37,jim cramer said he was expecting a 40% pump from ethereum and you still decided to remain bullish,2020-05-23 15:48:28+00:00,0,0.0,1.03
111,111,111,111,Solsun8317,340,72,0,solsun found in a user vault at this location join me playing it is awesome,2022-01-19 04:15:10+00:00,1,1.0,0.72
112,112,112,112,CWFNFT,473,1533,0,i just listed 2 items for sale via gem_stone collections ens ethereum name service lbi eth lbi eth label marketplaces looksrare x2y2,2011-10-24 16:17:46+00:00,0,0.0,15.33
113,113,113,113,yash73836,68,49,0,chart_decreasing chart_increasing crystal_ball i can show you n number of examples everyday ü™¨ but yes there is method to the madness for catching tops and bottoms of the day,2022-02-27 05:12:30+00:00,1,0.2,0.49
114,114,114,114,MAYyourbigwinxx,4170,77,11400,explore phemex universe globe_showing_Europe-Africa and visit planet bitcoin ethereum sand and doge star-struck to collect your very own citizen phemex card flower_playing_cards grab your card and earn bonuses now downwards_button,2021-01-28 01:47:00+00:00,0,0.78,0.77
115,115,115,115,Ptmarciocosta,99,832,3,crypto and blockchain are genuine technological advancements and will definitely disrupt the current financial structure by disintermediating many of the holy cows of the system,2021-09-18 01:55:08+00:00,0,0.18,8.32
116,116,116,116,CYPNFT,12,8,2,coin just has more trade volume last 24hrs than and,2022-01-30 13:41:43+00:00,1,0.25,0.08
117,117,117,117,arora_pranjay,172,15,0,cdsl data of 4 39 crore demat accounts hacked | is your demat account safe hacking issue buy palantir like george soros not ethereum same bussiness OK_hand OK_hand all ads removed by,2021-04-18 11:02:19+00:00,0,0.25,0.15
118,118,118,118,QuantumFeg,680,429,0,loading every friday paycheck on feg technology laptop alien $feg,2021-12-01 11:55:09+00:00,0,-0.25,4.29
119,119,119,119,zethisyellow,0,0,1,$100 | 1 400 00 idr in 1days rt follow pushpin pushpin,2022-04-30 23:36:06+00:00,1,0.0,0.0
120,120,120,120,zethisyellow,0,0,1,$100 | 1 400 00 idr in 1days rt follow pushpin pushpin,2022-04-30 23:36:06+00:00,1,0.0,0.0
121,121,121,121,stikman,600,20945,0,i mean if the solana network was not down they may see some upside movement due to the gas war that will commence on ethereum,2021-03-05 05:44:55+00:00,0,-0.1199074074074074,209.45
122,122,122,122,CYPNFT,12,8,2,coin just has more trade volume last 24hrs than and,2022-01-30 13:41:43+00:00,1,0.25,0.08
123,123,123,123,_CoffeeSnob_,1965,1756,59,how no big crypto youtuber is talking about digits 3 digits did 50x in 1 week 4 digits did 25x in 5 days this is bigger than the most successful so far no pr nor marketing pure organic community driven movement,2021-09-29 18:36:08+00:00,0,0.2607142857142857,17.56
124,124,124,124,VNoah0221,5,2,1392,1/33 's largest FREE_button for all holders receive a 1 1 copy of your favorite token on a cheaper faster |,2021-12-18 05:18:20+00:00,0,0.5,0.02
125,125,125,125,amihajlovic78,4985,327,162,free nft giveaway follow us like retweet and retweet pinned comment your $eth address,2013-03-27 03:27:59+00:00,0,0.4,3.27
126,126,126,126,Marsel586,15227,15685,0,we have learned a lot from the existing projects this time they will most likely be very developed because this project has a lot of support,2021-09-04 16:40:00+00:00,0,0.21,156.85
127,127,127,127,JDDFYS,843,397,26,a lot of scared money asking me about if i've sold or changed my targets for $matic no i have not here is my condensed thesis on why i think $matic polygon will dominate layer 2 and scale ethereum not financial advice,2022-03-04 01:54:56+00:00,1,0.0,3.97
128,128,128,128,CryptoDirtyMike,73,130,4,$wanc just launched today on fire rocket fire,2022-01-10 18:53:24+00:00,1,0.0,1.3
129,129,129,129,AltcoinFGI,134,7177,1,ethereum classic fear and greed index is currently 18 strong fear 24h technical analysis index 14 extreme sell relative strength index 38 current price is 25 620012432865 usd live analysis for $etc and 100 other and,2020-05-12 10:45:13+00:00,0,0.060795454545454534,71.77
130,130,130,130,KonnieTraffic,0,2,0,cool found in a blue vault at this location join me playing it is awesome,2020-11-11 07:09:30+00:00,0,0.45,0.02
131,131,131,131,Solsun8317,340,72,0,solsun found in a blue vault at this location join me playing it is awesome,2022-01-19 04:15:10+00:00,1,0.5,0.72
132,132,132,132,yubBIGWIN,2020,35,11400,explore phemex universe globe_showing_Europe-Africa and visit planet bitcoin ethereum sand and doge star-struck to collect your very own citizen phemex card flower_playing_cards grab your card and earn bonuses now downwards_button,2022-03-04 15:20:23+00:00,1,0.78,0.35
133,133,133,133,naheedolucky,932,11,425,_alienss 10 nft rocket rocket easy to join free giveaway money_with_wings rt&like this tweet rocket heart_suit and tag 2 friends people_hugging join discord follow _alienss fire,2022-04-29 15:26:46+00:00,1,0.4166666666666667,0.11
134,134,134,134,PerthVirtual,10,12,0,get perth virtual real estate,2022-01-04 10:45:12+00:00,1,0.2,0.12
135,135,135,135,RealDNewsMag,1580,11399,1,"""ethereum fees jumped 86% in q1 2022 $2 1 billion in eth burned"" via today this is the current top trending news with frequent shares and strong engagement across social media social insights $eth source backhand_index_pointing_down",2009-06-11 22:00:26+00:00,0,0.18333333333333332,113.99
136,136,136,136,EmilyAnne_AI,29982,32584,4,great speakers _ai _,2012-06-23 01:57:59+00:00,0,0.8,325.84
137,137,137,137,redniro,211,68,420,drop your eth wallet i'll give my nft as fast as i can high_voltage,2010-10-31 10:30:12+00:00,0,0.2,0.68
138,138,138,138,maxcao2204,1520,569,0,check out this item on opensea via,2021-03-15 09:28:14+00:00,0,0.0,5.69
139,139,139,139,Marsel586,15227,15685,0,the ethax project is developing and achieving great success in business a team of professionals achieves their goals and increases their potential and team work hard,2021-09-04 16:40:00+00:00,0,0.20208333333333334,156.85
140,140,140,140,raylove_eth,262,57,1,i have zero positive vibe for the token market of the crypto space this month‚Ä¶ i'm going full in on nice bluechip nfts no cap yugalab bout to drain the whole system or what,2021-09-03 00:10:17+00:00,0,0.3443181818181818,0.57
141,141,141,141,CryptoDirtyMike,73,130,5,$wanc just launched today on fire rocket fire,2022-01-10 18:53:24+00:00,1,0.0,1.3
142,142,142,142,gweiman_eth,2945,3169,59,how no big crypto youtuber is talking about digits 3 digits did 50x in 1 week 4 digits did 25x in 5 days this is bigger than the most successful so far no pr nor marketing pure organic community driven movement,2020-04-18 04:57:17+00:00,0,0.2607142857142857,31.69
143,143,143,143,StayMobile_SMI,3997,2518,0,bitcoin ethereum stage rebound as defi tokens aave luna rally decrypt,2010-06-29 19:05:49+00:00,0,0.0,25.18
144,144,144,144,KingAzma1,265,516,2,letss goo fire fire double_exclamation_mark double_exclamation_mark,2021-07-11 18:58:26+00:00,0,0.0,5.16
145,145,145,145,DawnManHunter,1970,779,2577,pets crossing a sandbox metaverse game featuring paradise island where your pets live a blissful life win 5 wl spot follow retweet like reply,2021-10-14 05:06:03+00:00,0,0.1787878787878788,7.79
146,146,146,146,theincomeblog,4999,1791,0,goldshell ck box 1050gh/s 185m 235w ckb nervos network miner w/ power supply,2011-11-09 00:54:29+00:00,0,0.0,17.91
147,147,147,147,TrentonSamuel,3020,2741,0,bitcoin ethereum stage rebound as defi tokens aave luna rally decrypt,2013-06-27 07:07:28+00:00,0,0.0,27.41
148,148,148,148,org_bdg_lucky,4791,97,11400,explore phemex universe globe_showing_Europe-Africa and visit planet bitcoin ethereum sand and doge star-struck to collect your very own citizen phemex card flower_playing_cards grab your card and earn bonuses now downwards_button,2021-11-29 02:07:16+00:00,0,0.78,0.97
149,149,149,149,Weng51882988,557,177,76,man_superhero _guardians chainguardians is a free to play turn based superhero strategy game powered by the ethereum blockchain fireworks all in game assets like armors weapons and characters are and tradable in the marketplace downwards_button info,2021-05-29 05:22:10+00:00,0,-0.13333333333333333,1.77
150,150,150,150,LX_EMON6,79,15,187,$vinu has the potential to change your life all you have to do is police_car_light fire,2022-03-02 19:16:06+00:00,1,0.0,0.15
151,151,151,151,DeBankDeFi,3727,68250,32,now you can check your staked $bico token balance from biconomy on ( version) hat tip to all voters,2019-07-30 03:03:37+00:00,0,0.0,682.5
152,152,152,152,sabecaruz,5002,17,445,free mint is live party_popper do not forget to claim your 3d apes on the blockchain chains apes mint limit is set at 3 per wallet pushpin,2021-12-13 19:12:35+00:00,0,0.2681818181818182,0.17
153,153,153,153,NFinder01,476,17,0,remember what happened on july in 2021 one evening dump did fall on us and went to the hell with us but after only one day prepared to reach to new ath u re not a whale but dont give them your future treasure,2022-04-03 12:03:45+00:00,1,0.04545454545454545,0.17
154,154,154,154,me_yrez,605,600,76,man_superhero _guardians chainguardians is a free to play turn based superhero strategy game powered by the ethereum blockchain fireworks all in game assets like armors weapons and characters are and tradable in the marketplace downwards_button info,2021-04-18 10:38:44+00:00,0,-0.13333333333333333,6.0
155,155,155,155,ETHGasPriceBot,0,1202,0,slow 20 1 | normal 21 | fast 75 | instant 101 backhand_index_pointing_left current ethereum gas prices in gwei dm me a price and i will dm you as soon as gas drops below that price thumbs_up,2021-01-04 09:25:56+00:00,0,0.009999999999999992,12.02
156,156,156,156,denes35877791,51,10,0,to the moon rocket rocket,2021-02-22 01:17:58+00:00,0,0.0,0.1
157,157,157,157,Ni_kistannnnnnn,593,35,2577,pets crossing a sandbox metaverse game featuring paradise island where your pets live a blissful life win 5 wl spot follow retweet like reply,2022-04-29 15:51:39+00:00,1,0.1787878787878788,0.35
158,158,158,158,alatl_burce,4537,363,493,trophy trophy prizes wrapped_gift 1x 20 wrapped_gift 3√ó wl spot to enter keycap_1 red_heart &rt keycap_2 follow _etlis keycap_3 tag 2 friends hourglass_done 48h,2015-09-26 12:02:09+00:00,0,0.0,3.63
159,159,159,159,BowTiedPickle,420,1411,1,pro tip if you have anything to do on $eth do it now and get it done in the next hour i expect ethereum to be completely bricked by the ape land drop for at least ~1 hour post 9 pm edt glhf degens,2021-05-13 12:23:32+00:00,0,-0.06666666666666668,14.11
160,160,160,160,BIGWINS10_,2947,85,877,owl nft giveaway owl giving away 2x nfts for to enter follow & like & rt tag 3 friends winners picked in 24 hours,2021-05-21 04:31:23+00:00,0,0.0,0.85
161,161,161,161,EnriqueSimo28,195,879,22,$eth was so cheap now if you trust and go ahead to buy at least 1 land for yourself lowest price is 0 2 only market down is best time to own your favorite do not miss it always the best team,2012-09-11 20:48:16+00:00,0,0.3805555555555555,8.79
162,162,162,162,Solsun8317,340,72,0,solsun found in a blue vault at this location join me playing it is awesome,2022-01-19 04:15:10+00:00,1,0.5,0.72
163,163,163,163,EddyDarko4,2534,999,10,got my raffle nft,2021-08-24 01:34:33+00:00,0,0.0,9.99
164,164,164,164,Ogunsinaboluwa2,4198,520,3,i know you all are minting well happy new month frens,2019-03-24 12:33:09+00:00,0,0.4681818181818182,5.2
165,165,165,165,payscottyk,1718,357,7,if you own a 3 or 4 digit and fud a 5 digit you are basically fudding yourself more than 10k people would want a easy to remember short number that cost only 5 usd a year to renew and when 800mill people use ethereum a 5 digit ens will be in the first mill minted,2009-12-02 01:23:17+00:00,0,0.2972222222222222,3.57
166,166,166,166,SimpleC9000,58,7,0,simplec found in a blue vault at this location join me playing it is awesome,2014-11-08 04:12:37+00:00,0,0.5,0.07
167,167,167,167,nftgeographic,14,43,0,red_circle follow us promote your nfts 24/7 [ red_circle amazing ] fire,2022-04-11 16:42:02+00:00,1,0.6000000000000001,0.43
168,168,168,168,renjuns_yellow,3692,150,11400,explore phemex universe globe_showing_Europe-Africa and visit planet bitcoin ethereum sand and doge star-struck to collect your very own citizen phemex card flower_playing_cards grab your card and earn bonuses now downwards_button,2021-04-01 14:53:50+00:00,0,0.78,1.5
169,169,169,169,immvinxere,3270,1017,2577,pets crossing a sandbox metaverse game featuring paradise island where your pets live a blissful life win 5 wl spot follow retweet like reply,2021-12-15 03:57:44+00:00,0,0.1787878787878788,10.17
170,170,170,170,denes35877791,51,10,0,to the moon rocket rocket,2021-02-22 01:17:58+00:00,0,0.0,0.1
171,171,171,171,skzkhaye,1467,128,425,_alienss 10 nft rocket rocket easy to join free giveaway money_with_wings rt&like this tweet rocket heart_suit and tag 2 friends people_hugging join discord follow _alienss fire,2021-02-16 12:16:49+00:00,0,0.4166666666666667,1.28
172,172,172,172,TheCryptoDawg_,1131,115652,4,great speakers _ai _,2016-04-26 15:55:24+00:00,0,0.8,1156.52
173,173,173,173,JBoullvier,1018,1333,9,all my ethereum nfts (for now winking_face ) hopefully that egg's going to be a 2nd gen soon,2021-10-16 04:01:46+00:00,0,0.0,13.33
174,174,174,174,CarolineFarada1,18,6,1,checkout $oddz by _finance multi chain derivatives trading protocol oddz_finance simplifies options trading across multiple chains such as &,2022-04-16 07:06:03+00:00,1,0.0,0.06
175,175,175,175,BigWinJuliet888,3356,173,2577,pets crossing a sandbox metaverse game featuring paradise island where your pets live a blissful life win 5 wl spot follow retweet like reply,2021-08-21 06:29:35+00:00,0,0.1787878787878788,1.73
176,176,176,176,GJaspion,115,14,0,_eth ethereum is pure scam nowdays,2019-07-24 20:08:31+00:00,0,0.21428571428571427,0.14
177,177,177,177,knnacr1,4489,259,877,owl nft giveaway owl giving away 2x nfts for to enter follow & like & rt tag 3 friends winners picked in 24 hours,2021-08-30 17:03:36+00:00,0,0.0,2.59
178,178,178,178,luckyyjoannaaa_,4896,151,2577,pets crossing a sandbox metaverse game featuring paradise island where your pets live a blissful life win 5 wl spot follow retweet like reply,2021-03-15 08:59:16+00:00,0,0.1787878787878788,1.51
179,179,179,179,floryshing,1999,47,2577,pets crossing a sandbox metaverse game featuring paradise island where your pets live a blissful life win 5 wl spot follow retweet like reply,2016-03-10 10:01:27+00:00,0,0.1787878787878788,0.47
180,180,180,180,maxcao2204,1520,569,0,check out this item on opensea via,2021-03-15 09:28:14+00:00,0,0.0,5.69
181,181,181,181,cryptoalerted,64,109,0,adaswap (asw) went up 10 1 percent in the last 1 minutes on,2020-04-10 11:35:27+00:00,0,0.0,1.09
182,182,182,182,denes35877791,51,10,0,to the moon rocket rocket,2021-02-22 01:17:58+00:00,0,0.0,0.1
183,183,183,183,Chu3586,3537,1188,284,it is nice to see a name in front of the contract $feg ¬∑ _of_bsc,2019-06-10 15:16:21+00:00,0,0.6,11.88
184,184,184,184,ma14580000,0,192,7,we are giving away 50 whitelist spots +giveaways for our growing discord community spade_suit heart_suit diamond_suit club_suit how to enter keycap_1 follow on twitter and insta keycap_2 retweet keycap_3 join the pack backhand_index_pointing_down,2022-04-13 21:45:45+00:00,1,0.0,1.92
185,185,185,185,CarolineFarada1,18,6,0,sweetrowena found in a user vault at this location join me playing it is awesome ‚Ä¶,2022-04-16 07:06:03+00:00,1,1.0,0.06
186,186,186,186,8Elite8,1556,887,284,fun fact these nike nft sneakers sold for 45 ($125 00 usd),2010-03-30 07:45:09+00:00,0,0.3,8.87
187,187,187,187,uhr3al,676,1429,9,we are now live on and buy and sell put options using putty v1 partying_face partying_face,2019-02-21 06:35:43+00:00,0,0.13636363636363635,14.29
188,188,188,188,VirgilP16,529,136,3,3m market acap expected m cap 1 2 billion 3% tax real utility project $sinu,2021-07-09 11:59:31+00:00,0,0.05,1.36
189,189,189,189,m1tzuki_,1512,288,2047,pets crossing a sandbox metaverse game featuring paradise island where your pets live a blissful life 5 wl spots are up for grab follow retweet like reply,2022-03-05 04:04:48+00:00,1,-0.13181818181818186,2.88
190,190,190,190,AdrianTorroella,525,1738,0,hey fam whats part 4 when i enter the params says im missing ethereum address,2013-09-17 19:55:04+00:00,0,-0.2,17.38
191,191,191,191,zkbatman_gotica,130,17,166,all roads lead to ethereum,2022-03-22 22:57:40+00:00,1,0.0,0.17
192,192,192,192,Solsun8317,340,72,0,solsun found in a user vault at this location join me playing it is awesome,2022-01-19 04:15:10+00:00,1,1.0,0.72
193,193,193,193,Nagh_Nagh2,340,165,16,finneas is a hunter and he is got is eye on,2022-01-27 16:11:21+00:00,1,0.0,1.65
194,194,194,194,krikara4y,248,252,37,jim cramer said he was expecting a 40% pump from ethereum and you still decided to remain bullish,2011-04-26 15:46:15+00:00,0,0.0,2.52
195,195,195,195,javiiwon,1557,24,2577,pets crossing a sandbox metaverse game featuring paradise island where your pets live a blissful life win 5 wl spot follow retweet like reply,2022-04-16 23:46:50+00:00,1,0.1787878787878788,0.24
196,196,196,196,AdissaFawzy,31,144,3,3m market acap expected m cap 1 2 billion 3% tax real utility project $sinu,2021-11-06 09:08:53+00:00,0,0.05,1.44
197,197,197,197,SidiQ_Bigwin,343,12,137,‚óé ‚óé x3 super ape $70 x 3 (worth) trophy keycap_1 follow & keycap_2 like & rt 3‚É£ tag a friend collection link alarm_clock 24h,2022-04-30 11:46:15+00:00,1,0.31666666666666665,0.12
198,198,198,198,SenangB19win,4468,151,2577,pets crossing a sandbox metaverse game featuring paradise island where your pets live a blissful life win 5 wl spot follow retweet like reply,2022-02-17 13:07:08+00:00,1,0.1787878787878788,1.51
199,199,199,199,0xHammond,788,1437,166,all roads lead to ethereum,2020-12-21 23:07:37+00:00,0,0.0,14.37
200,200,200,200,moodSlime_,1043,588,36,tweeting daily until reaches 1 million $wrld holders on ethereum or polygon day 48 ethereum 14953 ( 51) polygon 31799 (+3854) a few comments in a small thread bellow backhand_index_pointing_down backhand_index_pointing_down,2012-10-13 14:54:52+00:00,0,-0.15,5.88
201,201,201,201,book_arizona,472,61,0,hey sign up to gate io and be a crypto millionaire in no time best exchange ever do not miss it $shib,2019-02-03 17:55:14+00:00,0,1.0,0.61
202,202,202,202,ShaneGrochala,13,43,0,overall crypto market will be under $500 billion very soon before it starts recovering thats another 65% to 70% correction to the downside,2016-08-01 21:20:12+00:00,0,0.1,0.43
203,203,203,203,russbeltguerra,278,44,1,check out this item 1/1 on opensea via,2022-03-10 22:49:20+00:00,1,0.0,0.44
204,204,204,204,windley,3741,7054,4,the best thing about is the breadth of identity people some of the best convos i had were with mdl oidc and ethereum people‚Äîcommunities i do not have bandwidth to be fully active in but are oh so important the big tent is invaluable,2007-03-22 14:04:00+00:00,0,0.4533333333333333,70.54
205,205,205,205,atelelelebigwin,3342,368,143,star-struck war of tribes official game launch via,2022-01-05 03:15:27+00:00,1,-0.4,3.68
206,206,206,206,eunjncityx,4770,104,2577,pets crossing a sandbox metaverse game featuring paradise island where your pets live a blissful life win 5 wl spot follow retweet like reply,2021-12-09 12:49:44+00:00,0,0.1787878787878788,1.04
207,207,207,207,GeePlaysTheGame,629,127,1,some of the pieces from my 10 piece ‚Äòthru diff eyes' project black_heart link in bio,2022-04-07 20:19:09+00:00,1,0.0,1.27
208,208,208,208,Eugene93384282,0,12,0,ethereum metamask trust wallet binance need a logo or youtube intro hacked instagram account bitcoin wallet lost the gentleman priest left their home,2022-04-04 06:50:43+00:00,1,0.0,0.12
209,209,209,209,Chu3586,3537,1188,32,i'll tell you that stronghands is the solution to your trading problems here you will soon be able to trade faster and in a completely safe way stonghands is the platform you were looking for,2019-06-10 15:16:21+00:00,0,0.5,11.88
210,210,210,210,ETHGasPriceBot,0,1202,0,slow 20 1 | normal 21 | fast 80 8 | instant 87 backhand_index_pointing_left current ethereum gas prices in gwei dm me a price and i will dm you as soon as gas drops below that price thumbs_up,2021-01-04 09:25:56+00:00,0,0.009999999999999992,12.02
211,211,211,211,elpedrato,402,130,37,jim cramer said he was expecting a 40% pump from ethereum and you still decided to remain bullish,2017-12-06 03:01:33+00:00,0,0.0,1.3
212,212,212,212,Ummesal94715425,3206,149,0,this project is looks so innovative and impactful happy to take participate in such huge project you guys are very hard working and i am pretty sure you will reach to the moon very soon,2021-08-05 04:45:49+00:00,0,0.28385416666666674,1.49
213,213,213,213,SorareBot,0,3399,0,victor osimhen bought for 0 95 eth (2643 10$) on the secondary market season 2019 2020 level 5 serial 62/100 price 2643 10$ soccer_ball sorare bar_chart,2020-10-14 20:31:40+00:00,0,-0.3,33.99
214,214,214,214,denes35877791,51,10,0,to the moon rocket rocket,2021-02-22 01:17:58+00:00,0,0.0,0.1
215,215,215,215,KillGravve,3558,1507,15,police_car_light police_car_light 30 minutes left to mint $maxi police_car_light police_car_light $hex,2018-01-03 22:28:46+00:00,0,0.0,15.07
216,216,216,216,VerseMafia,166,57,2,loudspeaker big news loudspeaker keycap_1 make your own discord invite link keycap_2 add 10 friends to our discord server keycap_3 win a wl money-mouth_face,2021-11-25 23:42:01+00:00,0,0.4666666666666666,0.57
217,217,217,217,FarmingDeniro,316,105,0,_feed it is called,2021-07-28 00:18:20+00:00,0,0.0,1.05
218,218,218,218,AdenJax2012,1404,1292,37,police_car_light loyalty snapshot has been taken police_car_light congratulations to all et apartment holders your wallet addresses have been captured in our 1st ethereum worlds loyalty snapshot as of 11 45am edt this morning party_popper please read the full announcement in our discord,2017-06-18 11:42:46+00:00,0,0.35,12.92
219,219,219,219,BloorOswald,54,13,5,puli nft mint is going to be launched in 48hrs as a matter of fact nft holders will get access to p2e games and so much more money-mouth_face money-mouth_face rocket rocket $puli,2022-04-02 10:59:03+00:00,1,0.5,0.13
220,220,220,220,fefocoin,265,2867,37,jim cramer said he was expecting a 40% pump from ethereum and you still decided to remain bullish,2018-05-02 04:09:12+00:00,0,0.0,28.67
221,221,221,221,ETHFanToken,39,20427,10,got my raffle nft,2021-11-06 03:59:46+00:00,0,0.0,204.27
222,222,222,222,CrypTrader369,169,24,37,jim cramer said he was expecting a 40% pump from ethereum and you still decided to remain bullish,2022-04-09 17:52:19+00:00,1,0.0,0.24
223,223,223,223,JakNFT,4870,8593,3,fire fire new jaknft sale fire fire sold from 0xe1e0 to 0x3450 for 2 45 ethereum($7 290 27),2010-11-24 05:15:20+00:00,0,0.13636363636363635,85.93
224,224,224,224,LateeffAbdul,4992,148,143,star-struck war of tribes official game launch via,2022-03-20 14:55:40+00:00,1,-0.4,1.48
225,225,225,225,Solsun8317,340,72,0,solsun found in a blue vault at this location join me playing it is awesome,2022-01-19 04:15:10+00:00,1,0.5,0.72
226,226,226,226,bigwinmoro,256,70,143,star-struck war of tribes official game launch via,2022-04-30 03:08:38+00:00,1,-0.4,0.7
227,227,227,227,EAT_Produce,826,244,38,double_exclamation_mark bell follow & _promo rt tag as many friends entries party_popper drop address heavy_dollar_sign wrapped_gift,2014-10-30 19:27:13+00:00,0,0.5,2.44
228,228,228,228,solmart28,3482,471,37,jim cramer said he was expecting a 40% pump from ethereum and you still decided to remain bullish,2016-03-30 22:39:20+00:00,0,0.0,4.71
229,229,229,229,viaSammiLaw,3374,4866,22,‚Ä¢ hope ‚Ä¢ originals ‚Ä¢,2011-02-16 05:54:35+00:00,0,0.0,48.66
230,230,230,230,TheLastHexican,874,516,10,police_car_light police_car_light 15 minutes left to mint $maxi police_car_light police_car_light $hex,2012-11-30 20:44:16+00:00,0,0.0,5.16
231,231,231,231,Saeed58786680,189,99,37,jim cramer said he was expecting a 40% pump from ethereum and you still decided to remain bullish,2021-01-01 20:27:04+00:00,0,0.0,0.99
232,232,232,232,Prospersaint1,3049,2815,0,'s vision is to create a secure sustainable and efficient blockchain ecosystem with users as its core as a result $pico is constantly growing,2019-01-28 08:01:06+00:00,0,0.2,28.15
233,233,233,233,ChallengerSRT17,236,68,9,$redknight,2021-06-28 21:24:56+00:00,0,0.0,0.68
234,234,234,234,RektPlanet,1234,122,37,jim cramer said he was expecting a 40% pump from ethereum and you still decided to remain bullish,2020-12-25 01:51:09+00:00,0,0.0,1.22
235,235,235,235,arora_pranjay,172,15,0,nse co location scam explained by santosh nair | news centre | cnbc tv18 (2019 april issue buy palantir like george soros peter theil not ethereum OK_hand OK_hand all ads removed by,2021-04-18 11:02:19+00:00,0,0.0,0.15
236,236,236,236,dajenuswins,4964,238,143,star-struck war of tribes official game launch via,2021-07-22 13:35:55+00:00,0,-0.4,2.38
237,237,237,237,e11acae__,629,40,2577,pets crossing a sandbox metaverse game featuring paradise island where your pets live a blissful life win 5 wl spot follow retweet like reply,2022-04-29 04:14:28+00:00,1,0.1787878787878788,0.4
238,238,238,238,SaitaNicku,521,271,16,finneas is a hunter and he is got is eye on,2022-01-31 02:14:47+00:00,1,0.0,2.71
239,239,239,239,telulr,1098,282,2577,pets crossing a sandbox metaverse game featuring paradise island where your pets live a blissful life win 5 wl spot follow retweet like reply,2014-01-13 10:08:32+00:00,0,0.1787878787878788,2.82
240,240,240,240,maxcao2204,1520,569,0,check out this item on opensea via,2021-03-15 09:28:14+00:00,0,0.0,5.69
241,241,241,241,fbiego_,2914,2695,7,is an client designed to be enterprise friendly for both public and private permissioned network use cases learn more in this free training course from,2018-03-20 13:38:45+00:00,0,0.255,26.95
242,242,242,242,realrudymartin,18532,26123,12,punk 8620 has a new bid of 300 eth ($861 843 02 usd) placed by 0x6639c0,2010-09-14 20:26:14+00:00,0,0.13636363636363635,261.23
243,243,243,243,SilverBallerWiz,1062,950,0,my best nft folded_hands_light_skin_tone lol jk i do not own my best nft yet here are some of my favorites though _inc,2022-02-07 16:39:28+00:00,1,0.625,9.5
244,244,244,244,CryptoDirtyMike,73,130,5,$wanc just launched today check it out fire,2022-01-10 18:53:24+00:00,1,0.0,1.3
245,245,245,245,CryptoKaleo,877,481009,37,jim cramer said he was expecting a 40% pump from ethereum and you still decided to remain bullish,2017-09-08 19:15:10+00:00,0,0.0,4810.09
246,246,246,246,KillGravve,3558,1507,6,this is the definition of crunch time what will you do stay broke or mint $maxi ‚ìú $hex,2018-01-03 22:28:46+00:00,0,0.0,15.07
247,247,247,247,neoman007,555,42,15,i deployed a large stash of money on ethereum today i used different addresses when possible and meticulously distributed my positions across protocols & layers optimized for gas and access to opportunity crossing a vast number of bridges i do not know where my money is anymore,2011-05-04 21:54:51+00:00,0,0.05357142857142857,0.42
248,248,248,248,callmeduby,383,121,36,"""ethereum kiier"" has kiied themselves woozy_face skull",2020-03-30 20:23:21+00:00,0,0.0,1.21
249,249,249,249,ForsellNft,6773,6155,1,etc price predictions daily chart indicates a bear market for _classic _24 right_arrow the world's globe_with_meridians second largest sign up for daily newsletter be keep up,2021-08-26 01:16:46+00:00,0,0.04166666666666666,61.55
250,250,250,250,Gaz_Needal,4635,152,2577,pets crossing a sandbox metaverse game featuring paradise island where your pets live a blissful life win 5 wl spot follow retweet like reply,2021-11-05 14:03:22+00:00,0,0.1787878787878788,1.52
251,251,251,251,Jaolatino,2818,354,137,‚óé ‚óé x3 super ape $70 x 3 (worth) trophy keycap_1 follow & keycap_2 like & rt 3‚É£ tag a friend collection link alarm_clock 24h,2021-05-25 14:59:45+00:00,0,0.31666666666666665,3.54
252,252,252,252,rushberyy,4642,145,2047,pets crossing a sandbox metaverse game featuring paradise island where your pets live a blissful life 5 wl spots are up for grab follow retweet like reply,2021-02-14 10:09:52+00:00,0,-0.13181818181818186,1.45
253,253,253,253,crypto_gr_97,173,239,217,assemble get out there and vote for $feg,2021-11-04 10:21:47+00:00,0,0.0,2.39
254,254,254,254,hgs111,1953,228,89,i have sent joseph lubin's call to disguise all major investors in ethereum by creating fake identities dozens and dozens of times to ethereum supporters i have not received one single response not even the usual insults,2009-02-17 09:28:58+00:00,0,-0.18973214285714285,2.28
255,255,255,255,sUpeRrHuNtEr_1,381,35,2047,pets crossing a sandbox metaverse game featuring paradise island where your pets live a blissful life 5 wl spots are up for grab follow retweet like reply,2022-04-29 16:27:20+00:00,1,-0.13181818181818186,0.35
256,256,256,256,BigCCryptoMoves,64,8,23,free gift sparkles money_with_wings cost 1 1k money_bag just drop your wallet i choose 50 wallet in 24 h kite rules backhand_index_pointing_down_light_skin_tone follow rt ( ) drop,2022-04-22 21:02:40+00:00,1,0.4,0.08
257,257,257,257,NabarroOlano,129,13,402,join fastest and most secured staking and lock pools with the best apy and daily percentage profit staking earning daily with the new eth 2 0 lock pools,2022-04-23 02:02:24+00:00,1,0.3272727272727273,0.13
258,258,258,258,BankofNFTs,5788,5394,94,"""the number of validators and nodes participating in the network has grown to a point where solana is basically half of ethereum "" says 's addressing centralization criticism watch more",2020-07-14 16:39:00+00:00,0,0.16666666666666669,53.94
259,259,259,259,Ox_maybigwin,3445,38,2047,pets crossing a sandbox metaverse game featuring paradise island where your pets live a blissful life 5 wl spots are up for grab follow retweet like reply,2021-12-19 04:57:27+00:00,0,-0.13181818181818186,0.38
260,260,260,260,AdissaFawzy,31,144,8,has real utility and massive potential to change this space this is not a meme check it out folded_hands,2021-11-06 09:08:53+00:00,0,0.06666666666666668,1.44
261,261,261,261,0x_711,4998,1866,3,you are about a month late winking_face $ape nft sales have been happening for a while now we integrated on the 18th of march the first $ape transactions were over a month ago here's the first and sold in $ape,2021-07-11 18:35:33+00:00,0,0.06666666666666668,18.66
262,262,262,262,subloonar,703,142,1,if i got $10 every time went offline i could afford an transaction,2021-03-04 02:58:07+00:00,0,0.0,1.42
263,263,263,263,KillGravve,3558,1507,10,police_car_light police_car_light 15 minutes left to mint $maxi police_car_light police_car_light $hex,2018-01-03 22:28:46+00:00,0,0.0,15.07
264,264,264,264,unc1epennybags,1991,834,0,well there you have it will accept and for,2010-01-11 21:09:10+00:00,0,0.0,8.34
265,265,265,265,Dorazahi,9,14,0,buy the dip this your chance to get shib at low rate $shib,2015-03-10 21:01:07+00:00,0,0.0,0.14
266,266,266,266,KillGravve,3558,1507,25,police_car_light police_car_light 1 hour left to mint $maxi police_car_light police_car_light $hex,2018-01-03 22:28:46+00:00,0,0.0,15.07
267,267,267,267,pick_pickw,1039,173,11400,explore phemex universe globe_showing_Europe-Africa and visit planet bitcoin ethereum sand and doge star-struck to collect your very own citizen phemex card flower_playing_cards grab your card and earn bonuses now downwards_button,2022-04-30 00:54:50+00:00,1,0.78,1.73
268,268,268,268,Attractbysight,17,19,0,heart_exclamation blockchain(polygon) heart_exclamation floor price 0 055 heart_exclamation follow and retweet our pinned tweet heart_on_fire,2022-03-09 14:55:01+00:00,1,0.0,0.19
269,269,269,269,ETHGasPriceBot,0,1202,0,slow 20 1 | normal 23 | fast 53 | instant 74 7 backhand_index_pointing_left current ethereum gas prices in gwei dm me a price and i will dm you as soon as gas drops below that price thumbs_up,2021-01-04 09:25:56+00:00,0,0.009999999999999992,12.02
270,270,270,270,ibrryjzmn,594,24,425,_alienss 10 nft rocket rocket easy to join free giveaway money_with_wings rt&like this tweet rocket heart_suit and tag 2 friends people_hugging join discord follow _alienss fire,2022-04-16 06:26:57+00:00,1,0.4166666666666667,0.24
271,271,271,271,take_gains,196,6352,0,do you honestly believe you deserve this paper the lack of discipline and integrity is telling the road to success will not be easy so remember to respect the gains the name and the hustle you do not have the business unless you can grasp this simple concept $btc,2021-02-15 01:24:58+00:00,0,0.3333333333333333,63.52
272,272,272,272,En_bunn,2883,469,2577,pets crossing a sandbox metaverse game featuring paradise island where your pets live a blissful life win 5 wl spot follow retweet like reply,2021-07-08 16:06:16+00:00,0,0.1787878787878788,4.69
273,273,273,273,nftflooralerts,2,5439,1,traded collection (last 15min) ens ethereum name service sales 13 unique buyers 7 avg price 0 76 Œæ link,2021-10-24 22:22:05+00:00,0,0.1875,54.39
274,274,274,274,NightGouda,516,36,162,ethereum's q1 results are in‚Ä¶ and they are ox ish a short thread breaking down the results which compare q1'21 to q1'22,2021-12-21 14:49:13+00:00,0,-0.07777777777777779,0.36
275,275,275,275,Th3Kh3d1v3,348,108,1,"""ethereum fees jumped 86% in q1 2022 $2 1 billion in eth burned"" via today this is the current top trending news with frequent shares and strong engagement across social media social insights $eth source backhand_index_pointing_down",2018-03-28 13:43:06+00:00,0,0.18333333333333332,1.08
276,276,276,276,KonnieTraffic,0,2,0,cool found in a user vault at this location join me playing it is awesome,2020-11-11 07:09:30+00:00,0,0.675,0.02
277,277,277,277,FeedGoat2000,5,12,0,feedgoat200 found in a user vault at this location join me playing it is awesome,2022-04-04 22:29:46+00:00,1,1.0,0.12
278,278,278,278,urmiundone,5006,761,1018,upskill with in demand blockchain skills & tools in the bootcamp without quitting jobs ‚Ä¢ professional certificate program in blockchain by iit kanpur ‚Ä¢ master bitcoin ethereum etc ‚Ä¢ 4+ real life projects,2020-03-07 22:45:14+00:00,0,0.15000000000000002,7.61
279,279,279,279,the_verdent,138,593,0,officially i never called it a bear market but for alts apart from we are in bear zone for alts including $luna $avax $solana this will take quite a long time to recover unless a miracle happens wait until 4th of may there is a surprise waiting #,2018-06-15 12:01:09+00:00,0,-0.05,5.93
280,280,280,280,maloos111,72,89,284,fun fact these nike nft sneakers sold for 45 ($125 00 usd),2022-01-19 13:42:27+00:00,1,0.3,0.89
281,281,281,281,Solsun8317,340,72,0,solsun found in a user vault at this location join me playing it is awesome,2022-01-19 04:15:10+00:00,1,1.0,0.72
282,282,282,282,Vigsback,43,15,0,vigsback found in a blue vault at this location join me playing it is awesome,2021-12-16 05:59:11+00:00,0,0.5,0.15
283,283,283,283,Danamin14,1150,1224,0,ethereum's l2 team may have interviewed north korean hacker while hiring story,2020-03-13 15:36:40+00:00,0,0.0,12.24
284,284,284,284,cryptogainn,5,164,0,~some ethereum leaders are worried people are investing in crypto mining equipment that might soon be obsolete~,2022-02-14 10:10:05+00:00,1,0.0,1.64
285,285,285,285,Nyedsoncs,1103,76,22,the hodler card art are some of my favorites smiling_face_with_heart-eyes these will be posters soon enough what other crypto's should i add to the hodler edition d,2021-11-21 04:39:07+00:00,0,-0.0625,0.76
286,286,286,286,scalper432,188,1677,0,$eth what if,2019-08-25 07:16:26+00:00,0,0.0,16.77
287,287,287,287,juniorDc94,613,125,5,public sale is live fire follow join discord get your eth ready and head over to to grab your wizards man_mage man_mage mint price 0 02eth ($56) exploding_head,2022-04-25 19:14:59+00:00,1,0.11212121212121212,1.25
288,288,288,288,CryptoDirtyMike,73,130,0,5x at launch low mc with real utility $wanc,2022-01-10 18:53:24+00:00,1,0.1,1.3
289,289,289,289,SerKisselgof,75,629,6,save the date _france july 20th _dao returns,2014-05-28 14:42:46+00:00,0,0.0,6.29
290,290,290,290,yabaigangnft,452,578,1,yabaii the newcomers have arrived at saiko high a set of specials with breathtaking qualities and story in them check them out,2021-11-15 08:37:35+00:00,0,0.58,5.78
291,291,291,291,coinsgem3,34,1261,0,NEW_button new listing on coinsgem picotoken $pico bird twitter clipboard contract type ethereum smart chain memo contract address 00x0x0x0x0x0x0x0x0x0x0x0x0x0x00x0x0 link url,2012-08-11 21:30:55+00:00,0,0.17532467532467533,12.61
292,292,292,292,0xxieyoung,3267,134,143,star-struck war of tribes official game launch via,2022-03-30 01:24:26+00:00,1,-0.4,1.34
293,293,293,293,StayMobile_SMI,3997,2518,0,ethereum scaling project scroll raises $30 million in series a funding the block crypto,2010-06-29 19:05:49+00:00,0,0.0,25.18
294,294,294,294,WestBeachMusic,314,256,0,westbeachmusic found in a green vault at this location join me playing it is awesome,2014-04-17 15:36:01+00:00,0,0.4,2.56
295,295,295,295,Attractbysight,17,19,0,heart_exclamation blockchain(polygon) heart_exclamation floor price 0 055 heart_exclamation follow and retweet our pinned tweet heart_on_fire,2022-03-09 14:55:01+00:00,1,0.0,0.19
296,296,296,296,DarwinDaCosta7,80,34,1,created by darwin dacosta copyright darwin da costa,2022-02-24 21:04:49+00:00,1,0.0,0.34
297,297,297,297,jkillysm_,2783,36,2047,pets crossing a sandbox metaverse game featuring paradise island where your pets live a blissful life 5 wl spots are up for grab follow retweet like reply,2022-03-06 10:01:38+00:00,1,-0.13181818181818186,0.36
298,298,298,298,TrentonSamuel,3020,2741,0,ethereum scaling project scroll raises $30 million in series a funding the block crypto,2013-06-27 07:07:28+00:00,0,0.0,27.41
299,299,299,299,Attractbysight,17,19,0,_nft heart_exclamation blockchain(polygon) heart_exclamation floor price 0 055 heart_exclamation follow and retweet our pinned tweet heart_on_fire,2022-03-09 14:55:01+00:00,1,0.0,0.19
300,300,300,300,MatsEddens,109,19,187,$vinu has the potential to change your life all you have to do is police_car_light fire,2015-03-14 04:38:38+00:00,0,0.0,0.19
301,301,301,301,merkiurius,4577,582,143,star-struck war of tribes official game launch via,2021-02-20 06:42:57+00:00,0,-0.4,5.82
302,302,302,302,luckysebong,1555,24,2577,pets crossing a sandbox metaverse game featuring paradise island where your pets live a blissful life win 5 wl spot follow retweet like reply,2022-03-05 00:30:47+00:00,1,0.1787878787878788,0.24
303,303,303,303,IsralSylvain1,239,93,1,what a cool guys please go check this out on my collection here is the link,2020-09-13 00:00:44+00:00,0,0.35,0.93
304,304,304,304,HAPEstats,4,104,0,ethereum price 2725 24 usd floor price 0 9 eth 2452 72 usd average price 5 36 eth 14607 29 usd last 7 days average price 1 11 eth 3025 02 usd last 7 days number of sales 425 number of owners 5118 date 30/04/2022 at 23 50 05 utc,2022-02-01 14:48:42+00:00,1,-0.075,1.04
305,305,305,305,sad_riego,1792,2460,2047,pets crossing a sandbox metaverse game featuring paradise island where your pets live a blissful life 5 wl spots are up for grab follow retweet like reply,2021-06-16 05:12:31+00:00,0,-0.13181818181818186,24.6
306,306,306,306,BlockSecAlert,4,403,0,warning warning $ape/$weth price dropped 92 5% due to the sandwich attack tx token pool price chart,2022-03-06 14:00:45+00:00,1,-0.125,4.03
307,307,307,307,harahapbigwin,293,52,143,star-struck war of tribes official game launch via,2022-04-21 16:23:34+00:00,1,-0.4,0.52
308,308,308,308,Attractbysight,17,19,0,heart_exclamation blockchain(polygon) heart_exclamation floor price 0 055 heart_exclamation follow and retweet our pinned tweet heart_on_fire,2022-03-09 14:55:01+00:00,1,0.0,0.19
309,309,309,309,WrockFit,45,113,0,come to the loopring side of ethereum andy minting costs around 1 usd on average and its a protocol the creators using are preparing to launch with partner very soon we are many and we want to,2015-05-31 16:42:37+00:00,0,0.18333333333333332,1.13
310,310,310,310,Sg4202000,35,1,0,mrgalaxy found in a blue vault at this location join me playing it is awesome,2013-04-19 00:14:30+00:00,0,0.5,0.01
311,311,311,311,Sg4202000,35,1,0,mrgalaxy found in a blue vault at this location join me playing it is awesome,2013-04-19 00:14:30+00:00,0,0.5,0.01
312,312,312,312,0xseng,1715,61,2577,pets crossing a sandbox metaverse game featuring paradise island where your pets live a blissful life win 5 wl spot follow retweet like reply,2021-11-12 07:09:28+00:00,0,0.1787878787878788,0.61
313,313,313,313,MoCrYpToZ,48,76,5,$wanc just launched today on fire rocket fire,2022-03-01 16:59:22+00:00,1,0.0,0.76
314,314,314,314,Sa_samuraei,1384,807,23,marketing is our art shilling is our war and leadership is our discipline collision collision,2021-02-14 15:01:22+00:00,0,0.0,8.07
315,315,315,315,thecryptobull_,101,55,0,markets turning out to be bearish your views lemme know victory_hand_light_skin_tone,2021-07-06 16:41:18+00:00,0,0.0,0.55
316,316,316,316,Oya76128198,2,192,1,bouldercryptosissydragon found in a blue vault at this location join me playing it is awesome,2022-04-05 17:24:04+00:00,1,0.5,1.92
317,317,317,317,rossadkin,4388,718,162,free nft giveaway follow us like retweet and retweet pinned comment your $eth address,2009-04-01 11:36:52+00:00,0,0.4,7.18
318,318,318,318,Attractbysight,17,19,0,heart_exclamation blockchain(polygon) heart_exclamation floor price 0 055 heart_exclamation follow and retweet our pinned tweet heart_on_fire,2022-03-09 14:55:01+00:00,1,0.0,0.19
319,319,319,319,Drawwxx29cityx,4425,162,303,like for bitcoin retweet for ethereum,2019-02-27 22:07:58+00:00,0,0.0,1.62
320,320,320,320,Azad38624411,1506,68,3,3m market acap expected m cap 1 2 billion 3% tax real utility project $sinu,2021-05-09 05:59:34+00:00,0,0.05,0.68
321,321,321,321,Attractbysight,17,19,0,@_nftspromoter _nft heart_exclamation blockchain(polygon) heart_exclamation floor price 0 055 heart_exclamation follow and retweet our pinned tweet heart_on_fire,2022-03-09 14:55:01+00:00,1,0.0,0.19
322,322,322,322,fuinhafly89,1854,587,22,the hodler card art are some of my favorites smiling_face_with_heart-eyes these will be posters soon enough what other crypto's should i add to the hodler edition d,2022-01-14 18:46:40+00:00,1,-0.0625,5.87
323,323,323,323,MoCrYpToZ,48,76,4,$wanc just launched today on fire rocket fire,2022-03-01 16:59:22+00:00,1,0.0,0.76
324,324,324,324,nutsawlaki,4986,355,2577,pets crossing a sandbox metaverse game featuring paradise island where your pets live a blissful life win 5 wl spot follow retweet like reply,2021-09-11 11:43:08+00:00,0,0.1787878787878788,3.55
325,325,325,325,jwowney,578,56,143,star-struck war of tribes official game launch via,2022-04-24 09:15:49+00:00,1,-0.4,0.56
326,326,326,326,vitapin,102,11,0,ccie found in a user vault at this location join me playing it is awesome,2013-03-19 23:27:10+00:00,0,1.0,0.11
327,327,327,327,MoCrYpToZ,48,76,4,$wanc just launched today on fire rocket fire,2022-03-01 16:59:22+00:00,1,0.0,0.76
328,328,328,328,willmaxwellx,4309,2990,166,all roads lead to ethereum,2021-07-11 15:31:59+00:00,0,0.0,29.9
329,329,329,329,maxcao2204,1520,569,0,check out this item on opensea via,2021-03-15 09:28:14+00:00,0,0.0,5.69
330,330,330,330,OxPickWin,1269,14,143,star-struck war of tribes official game launch via,2022-04-24 04:14:18+00:00,1,-0.4,0.14
331,331,331,331,GudJobBro,174,166,284,fun fact these nike nft sneakers sold for 45 ($125 00 usd),2022-01-13 12:59:47+00:00,1,0.3,1.66
332,332,332,332,Jasmineteea_,727,232,143,star-struck war of tribes official game launch via,2019-01-02 06:48:43+00:00,0,-0.4,2.32
333,333,333,333,RoelMartin89,727,140,76,counterclockwise_arrows_button _swap is positioning itself as the leading platform on the counterclockwise_arrows_button is native to platform and will be compatible for users that support the plug wallet downwards_button info,2016-11-08 16:03:56+00:00,0,0.0,1.4
334,334,334,334,onyourm__aerk,5000,1775,143,star-struck war of tribes official game launch via,2018-03-23 08:22:47+00:00,0,-0.4,17.75
335,335,335,335,_dubusimp4winsx,3177,191,143,star-struck war of tribes official game launch via,2022-02-22 10:18:26+00:00,1,-0.4,1.91
336,336,336,336,hooniieeepark,2036,97,143,star-struck war of tribes official game launch via,2022-03-02 13:18:22+00:00,1,-0.4,0.97
337,337,337,337,adi05710228,1624,20,143,star-struck war of tribes official game launch via,2022-04-09 03:50:12+00:00,1,-0.4,0.2
338,338,338,338,CryptoLynnArt,3600,4247,5119,ive made life changing money this year backhand_index_pointing_down i'm giving away one mayc worth 36 eth ($103 00) keycap_1 follow / like / retweet keycap_2 tag friends for extra entries keycap_3 winner picked on may 10,2021-02-22 15:45:45+00:00,0,0.15,42.47
339,339,339,339,hoonieyxc,1129,59,877,owl nft giveaway owl giving away 2x nfts for to enter follow & like & rt tag 3 friends winners picked in 24 hours,2022-04-08 13:17:44+00:00,1,0.0,0.59
340,340,340,340,hammy2478studio,1916,1310,0,_nft magical space rocket milky_way 0 22 $eth 1/1 art,2018-04-26 05:32:56+00:00,0,0.5,13.1
341,341,341,341,PragatiSinghNL,4026,735,247,high_voltage high_voltage small_orange_diamond 2x $900 small_orange_diamond $100 must 1‚É£ follow me & _nfts 2‚É£ rt & tag 1 friends hourglass_not_done ends in 24 hrs 3 winners trophy,2021-06-29 12:31:33+00:00,0,0.0,7.35
342,342,342,342,MoCrYpToZ,48,76,5,$wanc just launched today on fire rocket fire,2022-03-01 16:59:22+00:00,1,0.0,0.76
343,343,343,343,hasan75804301,4854,330,512,gem_stone eth + nft gem_stone wrapped_gift prizes trophy $20 $eth money_bag trophy 3x grinning_cat (worth $270) check_mark_button to enter 1‚É£follow & _nft 2‚É£rt & heart_suit this 3‚É£tag 3 friends high_voltage 24h sparkles check it out here,2021-09-16 18:24:39+00:00,0,0.3,3.3
344,344,344,344,Nurwinner,1990,59,143,star-struck war of tribes official game launch via,2021-08-27 03:12:07+00:00,0,-0.4,0.59
345,345,345,345,VirgilP16,529,136,8,has real utility and massive potential to change this space this is not a meme check it out folded_hands,2021-07-09 11:59:31+00:00,0,0.06666666666666668,1.36
346,346,346,346,Sa_samuraei,1384,807,17,join the team and earn based on rank attained right_arrow_curving_down right_arrow_curving_down down_arrow gem_stone gem_stone,2021-02-14 15:01:22+00:00,0,-0.8,8.07
347,347,347,347,RobTiffany,20268,28802,1,web3 explained rob tiffany digital podcast studio_microphone 13 dr gavin wood coined the term back in 2014 because he thought the current web and internet was fundamentally broken and he wanted fix it with blockchain technologies like ethereum control,2007-10-29 04:48:26+00:00,0,-0.1,288.02
348,348,348,348,floki_jr,1523,1463,3,3m market acap expected m cap 1 2 billion 3% tax real utility project $sinu,2021-09-01 06:00:55+00:00,0,0.05,14.63
349,349,349,349,Sissyboyrichaa1,72,8,1,bouldercryptosissydragon found in a blue vault at this location join me playing it is awesome,2019-07-15 04:54:42+00:00,0,0.5,0.08
350,350,350,350,SiscaWiryawan,4251,218,0,_binance _swap nice project,2020-04-27 16:02:40+00:00,0,0.6,2.18
351,351,351,351,nftmetacrypt,2387,115,512,gem_stone eth + nft gem_stone wrapped_gift prizes trophy $20 $eth money_bag trophy 3x grinning_cat (worth $270) check_mark_button to enter 1‚É£follow & _nft 2‚É£rt & heart_suit this 3‚É£tag 3 friends high_voltage 24h sparkles check it out here,2021-03-07 13:46:59+00:00,0,0.3,1.15
352,352,352,352,AdrianoFeria,2248,7760,5,most bridges also lead to ethereum that is a fact,2012-08-14 16:25:33+00:00,0,0.5,77.6
353,353,353,353,Drawwxx29cityx,4425,162,143,star-struck war of tribes official game launch via,2019-02-27 22:07:58+00:00,0,-0.4,1.62
354,354,354,354,hi_majjj,3703,129,143,star-struck war of tribes official game launch via,2021-06-10 08:23:55+00:00,0,-0.4,1.29
355,355,355,355,ETHgas,2421,3267,0,gas used in currently pending transactions rocket 15 seconds >> 159 gwei automobile 1 minute >> 126 gwei snail 3 minutes >> 95 gwei sloth >10 minutes >> 78 gwei,2020-08-16 06:31:14+00:00,0,0.0,32.67
356,356,356,356,_Cryptick_,58,50,0,cryptick found & scenery in a green vault at this location join me playing it is awesome,2021-09-01 00:55:57+00:00,0,0.4,0.5
357,357,357,357,GeldmanNathan,4813,3024,26,a lot of scared money asking me about if i've sold or changed my targets for $matic no i have not here is my condensed thesis on why i think $matic polygon will dominate layer 2 and scale ethereum not financial advice,2019-01-17 12:14:29+00:00,0,0.0,30.24
358,358,358,358,Jinxyverse,813,616,9,solana showing ethereum how it is really done,2021-05-13 18:39:52+00:00,0,0.2,6.16
359,359,359,359,VSirioA,146,34,0,looks like flare is competing with ethereum 2 0 who delays more and even winning against the sec about delays,2012-01-25 10:50:58+00:00,0,0.3,0.34
360,360,360,360,harahapbigwin,293,52,2577,pets crossing a sandbox metaverse game featuring paradise island where your pets live a blissful life win 5 wl spot follow retweet like reply,2022-04-21 16:23:34+00:00,1,0.1787878787878788,0.52
361,361,361,361,hasan75804301,4854,330,1415,wrapped_gift giveaway wrapped_gift trophy 30$ in $sol / $eth trophy 1x must follow & _ like & rt tag 3 friends ending in 24h,2021-09-16 18:24:39+00:00,0,0.0,3.3
362,362,362,362,ETHGasPriceBot,0,1202,0,slow 20 | normal 21 | fast 94 | instant 122 9 backhand_index_pointing_left current ethereum gas prices in gwei dm me a price and i will dm you as soon as gas drops below that price thumbs_up,2021-01-04 09:25:56+00:00,0,0.009999999999999992,12.02
363,363,363,363,Jock042702661,185,41,4,v countries 200 v 55+ currency pairs 150 v 120 financial institutions 30 00 v 300 transaction time sub sec 2sec v 4sec transparency both are 100% bi directional prefunding both 0%,2018-05-02 00:38:16+00:00,0,-0.05,0.41
364,364,364,364,_Posterli,110,48,32,i'll tell you that stronghands is the solution to your trading problems here you will soon be able to trade faster and in a completely safe way stonghands is the platform you were looking for,2020-08-05 23:47:49+00:00,0,0.5,0.48
365,365,365,365,Janset22914502,4,150,7,we are giving away 50 whitelist spots +giveaways for our growing discord community spade_suit heart_suit diamond_suit club_suit how to enter keycap_1 follow on twitter and insta keycap_2 retweet keycap_3 join the pack backhand_index_pointing_down,2022-03-15 14:33:56+00:00,1,0.0,1.5
366,366,366,366,Prospersaint1,3049,2815,0,lens can aid your sight but can turn your insight to fortune,2019-01-28 08:01:06+00:00,0,0.0,28.15
367,367,367,367,Meisuperbigwinx,569,40,143,star-struck war of tribes official game launch via,2022-04-09 04:10:14+00:00,1,-0.4,0.4
368,368,368,368,CryptoDirtyMike,73,130,1,wanchor went 5x at launch and is low tax 5% reaction token low mc w utility $wanc,2022-01-10 18:53:24+00:00,1,0.0,1.3
369,369,369,369,Calihodlr,1332,1305,0,time to buy more anon light_bulb,2021-02-03 04:14:05+00:00,0,0.5,13.05
370,370,370,370,abcedefjhi,3880,57,143,star-struck war of tribes official game launch via,2022-02-08 09:15:37+00:00,1,-0.4,0.57
371,371,371,371,cryptohanons,352,843,1,trading plan jasmy/usdt i expect another drop to form a bullish divergence on 1d timeframe see more profitable trading setups on,2012-06-05 02:22:08+00:00,0,0.5,8.43
372,372,372,372,Kardenal95,108,147,2,check out this item on opensea via,2022-04-04 04:23:17+00:00,1,0.0,1.47
373,373,373,373,iconlife101,326,28,4,monsterfactoryx is a collection of 9 99 generative nfts created on the ethereum network the main focus of our project will be to fund the purchase of metaverse land & create our virtual hangout called the factory nft holders will gain access to the factory's 4 floors & amenities,2021-05-14 10:12:31+00:00,0,0.16666666666666666,0.28
374,374,374,374,Kevalgala93,59,18,1,$glmr is the better way to make your earnings double than your investment smiling_face_with_sunglasses is the top destination for building secure multi chain dapps moonbeam combines unmatched ethereum compatibility and interoperability on üõü imo perfect time to invest hourglass_not_done,2021-09-15 17:52:59+00:00,0,0.48,0.18
375,375,375,375,PerthVirtual,10,12,0,get perth virtual real estate,2022-01-04 10:45:12+00:00,1,0.2,0.12
376,376,376,376,trmnft,4986,277,1415,wrapped_gift giveaway wrapped_gift trophy 30$ in $sol / $eth trophy 1x must follow & _ like & rt tag 3 friends ending in 24h,2021-09-25 15:17:37+00:00,0,0.0,2.77
377,377,377,377,CubieOg,203,288,0,aioda found in a user vault at this location join me playing it is awesome,2021-10-22 14:42:04+00:00,0,1.0,2.88
378,378,378,378,stackiinboxes,339,150,11,just minted these beauties fire fire minting now on generation 1 holders receive shares of sales utility rocket rocket,2022-01-14 19:56:02+00:00,1,0.0,1.5
379,379,379,379,TwanDatDuDe,999,608,284,fun fact these nike nft sneakers sold for 45 ($125 00 usd),2010-07-30 04:19:57+00:00,0,0.3,6.08
380,380,380,380,s3andump,18,23,2,while the game is not out yet alliances can be formed shortly on the official mavia website if you have your mavia land on the ethereum chain and are connected with metamask to the mavia website preperation for the live game is starting now,2022-01-12 18:31:24+00:00,1,-0.13272727272727275,0.23
381,381,381,381,Solsun8317,340,72,0,solsun found in a blue vault at this location join me playing it is awesome,2022-01-19 04:15:10+00:00,1,0.5,0.72
382,382,382,382,PerthVirtual,10,12,0,get perth virtual real estate,2022-01-04 10:45:12+00:00,1,0.2,0.12
383,383,383,383,Jpabon407,35,15,0,100million shib club,2011-05-26 15:07:14+00:00,0,0.0,0.15
384,384,384,384,internet_m0ney,247,186,8,has real utility and massive potential to change this space this is not a meme check it out folded_hands,2021-06-25 06:38:53+00:00,0,0.06666666666666668,1.86
385,385,385,385,yericmiess,924,142,143,star-struck war of tribes official game launch via,2022-03-03 02:21:31+00:00,1,-0.4,1.42
386,386,386,386,Sa_samuraei,1384,807,18,you have a chance to be a strong leader by joining the marketing samurai,2021-02-14 15:01:22+00:00,0,0.4333333333333333,8.07
387,387,387,387,retweets_nft,2,5533,19,show me your collection right here backhand_index_pointing_down backhand_index_pointing_down let us see these beautiful legends so everyone can appreciate work i know u got some gorgeous legends out there show it to the world baby,2021-05-22 12:33:53+00:00,0,0.6119047619047618,55.33
388,388,388,388,Renji801,224,207,19,show me your collection right here backhand_index_pointing_down backhand_index_pointing_down let us see these beautiful legends so everyone can appreciate work i know u got some gorgeous legends out there show it to the world baby,2015-04-05 00:43:27+00:00,0,0.6119047619047618,2.07
389,389,389,389,Meisya_Shark,4444,115,2577,pets crossing a sandbox metaverse game featuring paradise island where your pets live a blissful life win 5 wl spot follow retweet like reply,2022-03-06 09:14:34+00:00,1,0.1787878787878788,1.15
390,390,390,390,PerthVirtual,10,12,0,get perth virtual real estate,2022-01-04 10:45:12+00:00,1,0.2,0.12
391,391,391,391,KalininAlexei,2554,1880,0,nfts are bought from everyone‚Ä¶ my collections are still virgin man_shrugging if only someone bought something pleading_face,2011-07-19 11:01:55+00:00,0,0.0,18.8
392,392,392,392,huj4n_b1gw1n5,4354,364,2577,pets crossing a sandbox metaverse game featuring paradise island where your pets live a blissful life win 5 wl spot follow retweet like reply,2022-01-01 06:24:15+00:00,1,0.1787878787878788,3.64
393,393,393,393,forqceseung,3095,105,143,star-struck war of tribes official game launch via,2021-11-03 04:54:02+00:00,0,-0.4,1.05
394,394,394,394,ChaserMaveric,4979,1533,111,congratulations _nft on your beta launch we are proud to be one of your exclusive launch partners rocket metasaurs by dr dmt collection punks by dr dmt collection,2021-02-05 06:19:13+00:00,0,0.8,15.33
395,395,395,395,MoCrYpToZ,48,76,5,_halifax $wanc just launched today on fire rocket fire,2022-03-01 16:59:22+00:00,1,0.0,0.76
396,396,396,396,MoCrYpToZ,48,76,5,_halifax $wanc just launched today on fire rocket fire,2022-03-01 16:59:22+00:00,1,0.0,0.76
397,397,397,397,EBaez2593,887,1513,8,has real utility and massive potential to change this space this is not a meme check it out folded_hands,2020-11-30 01:36:44+00:00,0,0.06666666666666668,15.13
398,398,398,398,PerthVirtual,10,12,0,get perth virtual real estate,2022-01-04 10:45:12+00:00,1,0.2,0.12
399,399,399,399,buzzboyccc,1372,923,50,5 whitelist giveaway loudspeaker screw it lets share a 1 of 1 from the galactic guardians collection we are a high quality art and story project you are early check_mark_button like check_mark_button retweet check_mark_button comment tenshi in full form,2011-05-26 08:50:06+00:00,0,0.20333333333333334,9.23
400,400,400,400,kurniawati_zuni,1813,50,143,star-struck war of tribes official game launch via,2022-03-31 09:27:24+00:00,1,-0.4,0.5
401,401,401,401,byennt66,1348,264,0,steelwheel found in a blue vault at this location join me playing it is awesome,2012-04-27 03:06:24+00:00,0,0.5,2.64
402,402,402,402,byennt66,1348,264,0,steelwheel found $10 and a giant shoe in a yellow vault at this location join me playing it is awesome,2012-04-27 03:06:24+00:00,0,0.3333333333333333,2.64
403,403,403,403,Kiyabigwin,1955,52,143,star-struck war of tribes official game launch via,2022-02-25 03:34:36+00:00,1,-0.4,0.52
404,404,404,404,DarwinDaCosta7,80,34,1,created by darwin dacosta copyright darwin da costa,2022-02-24 21:04:49+00:00,1,0.0,0.34
405,405,405,405,aabrsmwin_,3115,100,143,star-struck war of tribes official game launch via,2021-11-16 03:44:57+00:00,0,-0.4,1.0
406,406,406,406,fz_zxx,2559,182,143,star-struck war of tribes official game launch via,2018-01-14 16:33:24+00:00,0,-0.4,1.82
407,407,407,407,maxcao2204,1520,569,0,check out this item on opensea via,2021-03-15 09:28:14+00:00,0,0.0,5.69
408,408,408,408,ummaBigWin_,1792,95,143,star-struck war of tribes official game launch via,2022-04-10 21:54:01+00:00,1,-0.4,0.95
409,409,409,409,JUHAKNY3ON,2652,197,143,star-struck war of tribes official game launch via,2021-06-05 19:06:58+00:00,0,-0.4,1.97
410,410,410,410,Azad38624411,1506,68,8,has real utility and massive potential to change this space this is not a meme check it out folded_hands,2021-05-09 05:59:34+00:00,0,0.06666666666666668,0.68
411,411,411,411,Attractbysight,17,19,0,heart_exclamation blockchain(polygon) heart_exclamation floor price 0 055 heart_exclamation follow and retweet our pinned tweet heart_on_fire,2022-03-09 14:55:01+00:00,1,0.0,0.19
412,412,412,412,MoongooseJR,1339,545,8,has real utility and massive potential to change this space this is not a meme check it out folded_hands,2021-10-30 00:55:55+00:00,0,0.06666666666666668,5.45
413,413,413,413,mrfashionwood,156,121,8,has real utility and massive potential to change this space this is not a meme check it out folded_hands,2020-04-12 22:18:31+00:00,0,0.06666666666666668,1.21
414,414,414,414,charlesg1006,362,224,73,1/17 a long thread about why i've been excited about for over a year now flexed_biceps beer_mug wilder world is an immersive 5d metaverse built on ethereum unreal engine 5 & zero fire here is the newly released trailer thread backhand_index_pointing_down,2013-03-04 16:21:07+00:00,0,0.15378787878787878,2.24
415,415,415,415,_reive,2169,54,143,star-struck war of tribes official game launch via,2022-03-14 12:03:11+00:00,1,-0.4,0.54
416,416,416,416,cehloswin,3604,126,2577,pets crossing a sandbox metaverse game featuring paradise island where your pets live a blissful life win 5 wl spot follow retweet like reply,2021-06-28 05:54:25+00:00,0,0.1787878787878788,1.26
417,417,417,417,sickindustries,648,365,2,goldman will start future contract trading and the cold storage wallet winners via winners partying_face congrats,2009-04-04 04:12:49+00:00,0,-0.3,3.65
418,418,418,418,EigenPhi_Alert,50,1142,0,robot made $1 360 938558 through a spatial using ( $breed $weth ),2021-03-25 07:10:50+00:00,0,0.0,11.42
419,419,419,419,linuxfoundation,10081,406480,7,is an client designed to be enterprise friendly for both public and private permissioned network use cases learn more in this free training course from,2008-05-08 21:46:41+00:00,0,0.255,4064.8
420,420,420,420,fkdk_42,991,1619,1,rainbow beep boop beep alien_monster #„Éâ„ÉÉ„ÉàÁµµ #ÌîΩÏÖÄÏïÑÌä∏,2018-11-21 08:44:33+00:00,0,0.0,16.19
421,421,421,421,jiezzung,3065,1661,143,star-struck war of tribes official game launch via,2021-04-28 09:49:52+00:00,0,-0.4,16.61
422,422,422,422,agustin_rizki02,4164,913,11400,explore phemex universe globe_showing_Europe-Africa and visit planet bitcoin ethereum sand and doge star-struck to collect your very own citizen phemex card flower_playing_cards grab your card and earn bonuses now downwards_button,2012-03-15 04:13:09+00:00,0,0.78,9.13
423,423,423,423,hasan75804301,4854,330,1090,wrapped_gift eth wrapped_gift prize trophy 1x $100 in $eth trophy 3x wl check_mark_button to enter 1‚É£follow me & _timeline 2‚É£rt & heart_suit this 3‚É£tag 3 friends four_leaf_clover 4 lucky winners high_voltage 48h,2021-09-16 18:24:39+00:00,0,0.3333333333333333,3.3
424,424,424,424,chocolala10__,4981,233,143,star-struck war of tribes official game launch via,2021-11-18 16:14:21+00:00,0,-0.4,2.33
425,425,425,425,acabigwinx_444,471,50,143,star-struck war of tribes official game launch via,2020-09-23 06:12:01+00:00,0,-0.4,0.5
426,426,426,426,miesotokuaah,4679,199,143,star-struck war of tribes official game launch via,2020-05-29 10:20:35+00:00,0,-0.4,1.99
427,427,427,427,SalTraderQ8,235,18,0,am i the only one enjoying this blood bath lol,2022-04-15 03:18:18+00:00,1,0.43333333333333335,0.18
428,428,428,428,FairCryptoShill,222,189,303,like for bitcoin retweet for ethereum,2022-03-04 12:18:54+00:00,1,0.0,1.89
429,429,429,429,KriptoKrazed,20,10205,22,the hodler card art are some of my favorites smiling_face_with_heart-eyes these will be posters soon enough what other crypto's should i add to the hodler edition d,2021-07-28 03:49:41+00:00,0,-0.0625,102.05
430,430,430,430,Tara79288313,1007,319,17,join the team and earn based on rank attained right_arrow_curving_down right_arrow_curving_down down_arrow gem_stone gem_stone,2022-04-13 14:28:01+00:00,1,-0.8,3.19
431,431,431,431,Trenton_TM_Mack,1492,129,284,fun fact these nike nft sneakers sold for 45 ($125 00 usd),2022-01-24 04:35:20+00:00,1,0.3,1.29
432,432,432,432,CryptoMatt87,1828,11641,8,has real utility and massive potential to change this space this is not a meme check it out folded_hands,2020-09-25 08:53:25+00:00,0,0.06666666666666668,116.41
433,433,433,433,Lemetlezconcept,994,1689,9,we are not just another pfp nft project ours are smiling_face_with_heart-eyes beautiful to look at dollar_banknote pays you passive income check_mark_button gets you whitelisted for future project globe_showing_Americas makes an impact through charity,2021-04-02 20:48:27+00:00,0,0.425,16.89
434,434,434,434,shopnfts1,254,121,0,check out this item on opensea via $ens,2021-07-12 05:58:44+00:00,0,0.0,1.21
435,435,435,435,wobbewan_kenobi,102,35,0,i think the rain pushed it down in there face_with_tears_of_joy winking_face_with_tongue zany_face r3dd06 found in a blue vault at this location join me playing it is awesome,2021-12-27 22:15:33+00:00,0,0.2814814814814815,0.35
436,436,436,436,techjunkiejh,21520,28466,1,'s dark underbelly shows that even in trust matters,2015-02-27 00:58:22+00:00,0,-0.15,284.66
437,437,437,437,LF_Training,359,16748,7,is an client designed to be enterprise friendly for both public and private permissioned network use cases learn more in this free training course from,2010-12-06 22:44:57+00:00,0,0.255,167.48
438,438,438,438,Prospersaint1,3049,2815,0,token is interesting becoming the investors choice project will be nore valuable in the nearest future,2019-01-28 08:01:06+00:00,0,0.31666666666666665,28.15
439,439,439,439,BarkingPoker,145,8710,7,we are giving away 50 whitelist spots +giveaways for our growing discord community spade_suit heart_suit diamond_suit club_suit how to enter keycap_1 follow on twitter and insta keycap_2 retweet keycap_3 join the pack backhand_index_pointing_down,2021-12-04 00:30:48+00:00,0,0.0,87.1
440,440,440,440,BurungTHR,2045,48,143,star-struck war of tribes official game launch via,2022-04-19 11:17:40+00:00,1,-0.4,0.48
441,441,441,441,TiffanyRojo13,529,39,316,dizzy dizzy trophy 1x boss eggs ($100) heart_on_fire to enter keycap_1 follow & keycap_2 like red_heart + retweet 3‚É£ tag 2 friends alarm_clock 24h,2022-04-08 12:48:44+00:00,1,0.0,0.39
442,442,442,442,vnjisung,824,400,143,star-struck war of tribes official game launch via,2021-06-04 13:22:38+00:00,0,-0.4,4.0
443,443,443,443,Ranakam88008312,656,111,0,my name is kamran hassan i am ui ux designer and learning digital markting i want connect with new people #ŸáŸÑÿßŸÑ_ÿ¥ŸàÿßŸÑ #ÿπŸäÿØ_ÿßŸÑŸÅÿ∑ÿ±_ÿßŸÑŸÖÿ®ÿßÿ±ŸÉ #ŸáŸÑÿßŸÑ_ÿ¥ŸàÿßŸÑ,2020-04-03 19:43:21+00:00,0,0.06818181818181818,1.11
444,444,444,444,Robertsjames111,0,220,0,high_voltage high_voltage /usdt high_voltage high_voltage exchanges binance futures bybit usdt signal type regular (long) leverage isolated (50x 20x) entry targets 1) 28 50 2) 25 80 take profit targets 1) 28 70 2) 29 00 3) 29 40 4) 29 90 5) 30 50 6) 31 50 7) 33 00 smiley 36 00 stop loss 1) 22,2022-01-19 00:35:46+00:00,1,-0.025,2.2
445,445,445,445,LNyabs,3872,888,77,ghost we are now live for trading on and is enabled and available at contract 0x2e09a70dca6ab05505b26382003912783e588f9c let us go,2012-10-09 03:13:34+00:00,0,0.2681818181818182,8.88
446,446,446,446,ErikRamadhona,2862,151,805,wrapped_gift giveaway wrapped_gift prizes trophy 2 sol ~ 25$ trophy 5x wl to enter keycap_1 follow & keycap_2 like & rt keycap_3 tag 3 friends hourglass_not_done 24hrs,2022-02-16 15:10:32+00:00,1,0.0,1.51
447,447,447,447,emzsoluckycityx,2097,41,143,star-struck war of tribes official game launch via,2022-03-06 00:05:05+00:00,1,-0.4,0.41
448,448,448,448,BRKN_P,3898,3361,94,"""the number of validators and nodes participating in the network has grown to a point where solana is basically half of ethereum "" says 's addressing centralization criticism watch more",2021-08-30 04:00:45+00:00,0,0.16666666666666669,33.61
449,449,449,449,ETHGasPriceBot,0,1202,0,slow 20 1 | normal 25 | fast 92 8 | instant 128 2 backhand_index_pointing_left current ethereum gas prices in gwei dm me a price and i will dm you as soon as gas drops below that price thumbs_up,2021-01-04 09:25:56+00:00,0,0.009999999999999992,12.02
450,450,450,450,Happy_High_0,3239,996,162,free nft giveaway follow us like retweet and retweet pinned comment your $eth address,2022-01-06 17:32:23+00:00,1,0.4,9.96
451,451,451,451,shopnfts1,254,121,0,check out this item on opensea via $ens,2021-07-12 05:58:44+00:00,0,0.0,1.21
452,452,452,452,ztsawins,1356,82,2047,pets crossing a sandbox metaverse game featuring paradise island where your pets live a blissful life 5 wl spots are up for grab follow retweet like reply,2021-09-17 14:05:17+00:00,0,-0.13181818181818186,0.82
453,453,453,453,EigenPhi_Alert,50,1142,0,robot made $2 932 509141 through a triangular using ( $town $usdc $weth ),2021-03-25 07:10:50+00:00,0,0.0,11.42
454,454,454,454,MoCrYpToZ,48,76,2,_nft $wanc just launched today on fire rocket fire,2022-03-01 16:59:22+00:00,1,0.0,0.76
455,455,455,455,Hanks509,395,166,182,we know whats up the harvest is going to be legendary fox,2021-03-13 10:17:31+00:00,0,1.0,1.66
456,456,456,456,MRNooobodyyyyy,374,330,46,is currently trending higher than ethereum on pretty bullish for something thats been victim to _or_moon $hex $pls $plsx,2018-09-07 20:02:59+00:00,0,0.10625,3.3
457,457,457,457,MoCrYpToZ,48,76,4,_halifax $wanc just launched today on fire rocket fire,2022-03-01 16:59:22+00:00,1,0.0,0.76
458,458,458,458,FelipeTheHEX,141,81,10,police_car_light police_car_light 15 minutes left to mint $maxi police_car_light police_car_light $hex,2015-06-01 18:59:45+00:00,0,0.0,0.81
459,459,459,459,Kanshino13,432,311,0,new 2d meta dragons collection both sexes dragon_face thumbs_up 1500 items from 0 005 ethereum dragon_face,2022-02-19 02:58:56+00:00,1,0.13636363636363635,3.11
460,460,460,460,R_janeen99,266,165,0,expecting $36 00 i will buy it,2016-11-12 14:59:49+00:00,0,0.0,1.65
461,461,461,461,shopnfts1,254,121,0,check out this item on opensea via $ens,2021-07-12 05:58:44+00:00,0,0.0,1.21
462,462,462,462,David_best36,1061,330,36,"""ethereum kiier"" has kiied themselves woozy_face skull",2019-10-05 08:44:50+00:00,0,0.0,3.3
463,463,463,463,VMin_000,1205,97,2577,pets crossing a sandbox metaverse game featuring paradise island where your pets live a blissful life win 5 wl spot follow retweet like reply,2021-09-10 02:03:24+00:00,0,0.1787878787878788,0.97
464,464,464,464,Mincee59146,1232,31,0,_06 done,2022-01-20 06:35:46+00:00,1,0.0,0.31
465,465,465,465,shopnfts1,254,121,0,check out this item on opensea via $ens,2021-07-12 05:58:44+00:00,0,0.0,1.21
466,466,466,466,Solsun8317,340,72,0,solsun found in a blue vault at this location join me playing it is awesome,2022-01-19 04:15:10+00:00,1,0.5,0.72
467,467,467,467,akilopotame,892,40,512,gem_stone eth + nft gem_stone wrapped_gift prizes trophy $20 $eth money_bag trophy 3x grinning_cat (worth $270) check_mark_button to enter 1‚É£follow & _nft 2‚É£rt & heart_suit this 3‚É£tag 3 friends high_voltage 24h sparkles check it out here,2022-02-24 15:42:45+00:00,1,0.3,0.4
468,468,468,468,MoCrYpToZ,48,76,2,$wanc just launched today on fire rocket fire,2022-03-01 16:59:22+00:00,1,0.0,0.76
469,469,469,469,MoCrYpToZ,48,76,2,$wanc just launched today on fire rocket fire,2022-03-01 16:59:22+00:00,1,0.0,0.76
470,470,470,470,MarinaTiko,212,1119,2521,with our v2 launch scheduled for next week and to better serve our community we are launching our official discord as we prepare to expand our reach across the ethereum virtual machine (evm) ecosystem,2021-09-21 09:10:22+00:00,0,0.25,11.19
471,471,471,471,shopnfts1,254,121,0,check out this item on opensea via $ens,2021-07-12 05:58:44+00:00,0,0.0,1.21
472,472,472,472,Vellawardhn,918,1120,143,star-struck war of tribes official game launch via,2011-02-14 07:37:59+00:00,0,-0.4,11.2
473,473,473,473,lymxnt,686,187,143,star-struck war of tribes official game launch via,2022-04-18 10:28:45+00:00,1,-0.4,1.87
474,474,474,474,CryptoUpdates99,864,708,1,coin becomes the largest coin surpassing,2021-04-02 14:13:11+00:00,0,0.0,7.08
475,475,475,475,KROTOBALAPKW7,3177,86,143,star-struck war of tribes official game launch via,2022-04-09 08:22:53+00:00,1,-0.4,0.86
476,476,476,476,jichifiagemwin5,3121,287,143,star-struck war of tribes official game launch via,2020-06-12 04:13:23+00:00,0,-0.4,2.87
477,477,477,477,NASACO40,193,2931,0,this is bad but how about the fact that no one is going to be able to send transactions on ethereum for the next few hours due to one nft project pumping gas to unreasonable heights some of us are not reasonable about the current capabilities of these technologies,2019-01-05 23:43:09+00:00,0,-0.08928571428571427,29.31
478,478,478,478,shopnfts1,254,121,0,check out this item on opensea via $ens,2021-07-12 05:58:44+00:00,0,0.0,1.21
479,479,479,479,sasanasini,3149,162,143,star-struck war of tribes official game launch via,2020-05-07 21:14:36+00:00,0,-0.4,1.62
480,480,480,480,nutsawlaki,4986,355,143,star-struck war of tribes official game launch via,2021-09-11 11:43:08+00:00,0,-0.4,3.55
481,481,481,481,dionysus64,4335,4936,1,portraits and imaginary figures,2009-06-17 11:48:16+00:00,0,0.0,49.36
482,482,482,482,trendy_sol,574,32,1415,wrapped_gift giveaway wrapped_gift trophy 30$ in $sol / $eth trophy 1x must follow & _ like & rt tag 3 friends ending in 24h,2022-04-23 17:59:41+00:00,1,0.0,0.32
483,483,483,483,EJuozapaitis,19,53,24,join the discord,2018-04-17 12:02:49+00:00,0,0.0,0.53
484,484,484,484,Solsun8317,340,72,0,solsun found in a blue vault at this location join me playing it is awesome,2022-01-19 04:15:10+00:00,1,0.5,0.72
485,485,485,485,shopnfts1,254,121,0,check out this item on opensea via $ens,2021-07-12 05:58:44+00:00,0,0.0,1.21
486,486,486,486,cremault13,4,140,8,$rise,2022-04-02 19:26:33+00:00,1,0.0,1.4
487,487,487,487,farmercist_eth,622,1368,1,i have zero positive vibe for the token market of the crypto space this month‚Ä¶ i'm going full in on nice bluechip nfts no cap yugalab bout to drain the whole system or what,2016-12-29 00:19:27+00:00,0,0.3443181818181818,13.68
488,488,488,488,MoCrYpToZ,48,76,4,_halifax $wanc just launched today on fire rocket fire,2022-03-01 16:59:22+00:00,1,0.0,0.76
489,489,489,489,Corpselove,27,5,0,flak01 found in a blue vault at this location join me playing it is awesome,2009-06-23 03:35:19+00:00,0,0.5,0.05
490,490,490,490,Bryan81121,116,1455,16,finneas is a hunter and he is got is eye on,2021-05-04 11:13:53+00:00,0,0.0,14.55
491,491,491,491,ashleyj0e,1718,54,143,star-struck war of tribes official game launch via,2021-11-13 06:17:35+00:00,0,-0.4,0.54
492,492,492,492,FredJoC_,562,347,284,fun fact these nike nft sneakers sold for 45 ($125 00 usd),2010-01-08 02:50:28+00:00,0,0.3,3.47
493,493,493,493,shopnfts1,254,121,0,check out this item on opensea via $ens,2021-07-12 05:58:44+00:00,0,0.0,1.21
494,494,494,494,MetazensNFT,1043,5560,20,the metazens chapter 1 our first published article on and presence on ethereum using our mtzn eth raising_hands_medium_skin_tone the metazens story will be turned into a graphic novel with several minted nft metazens included maybe yours join discord,2021-11-12 04:59:11+00:00,0,0.08333333333333333,55.6
495,495,495,495,SwagableArt,134,115,0,check out my nft listing on opensea via,2021-12-02 18:42:03+00:00,0,0.0,1.15
496,496,496,496,LPCapitalChi,2399,2048,0,_is_ghost ethereum,2021-10-27 16:19:47+00:00,0,0.0,20.48
497,497,497,497,sherylmenang,1763,107,2577,pets crossing a sandbox metaverse game featuring paradise island where your pets live a blissful life win 5 wl spot follow retweet like reply,2021-05-27 03:07:08+00:00,0,0.1787878787878788,1.07
498,498,498,498,StayMobile_SMI,3997,2518,0,‚Äòthey will not be immune' ‚Äî the fed's stark warning sends the price of bitcoin ethereum bnb xrp solana cardano and dogecoin into free fall forbes,2010-06-29 19:05:49+00:00,0,0.1,25.18
499,499,499,499,seenoheh,2476,733,3,check out this item on opensea via,2018-09-01 10:05:15+00:00,0,0.0,7.33
